Image_Name,Prediction Value,Classification,Actual,Correct Prediction
6299.jpg,0.54672885,Malignant,Benign,False
6300.jpg,0.8129646,Malignant,Benign,False
6301.jpg,0.15410744,Benign,Benign,True
6302.jpg,0.6563237,Malignant,Benign,False
6303.jpg,0.020410892,Benign,Benign,True
6304.jpg,0.43027273,Benign,Benign,True
6305.jpg,0.16478562,Benign,Benign,True
6306.jpg,0.3150656,Benign,Benign,True
6307.jpg,0.9519461,Malignant,Benign,False
6308.jpg,0.47114038,Benign,Benign,True
6309.jpg,0.1330186,Benign,Benign,True
6310.jpg,0.5942478,Malignant,Benign,False
6311.jpg,0.8572772,Malignant,Benign,False
6312.jpg,0.028019974,Benign,Benign,True
6313.jpg,0.28626892,Benign,Benign,True
6314.jpg,0.022776358,Benign,Benign,True
6315.jpg,0.14347735,Benign,Benign,True
6316.jpg,0.6090746,Malignant,Benign,False
6317.jpg,0.75796825,Malignant,Benign,False
6318.jpg,0.19483063,Benign,Benign,True
6319.jpg,0.1533498,Benign,Benign,True
6320.jpg,0.14198028,Benign,Benign,True
6321.jpg,0.33856398,Benign,Benign,True
6322.jpg,0.03143904,Benign,Benign,True
6323.jpg,0.13936739,Benign,Benign,True
6324.jpg,0.103225365,Benign,Benign,True
6325.jpg,0.047933854,Benign,Benign,True
6326.jpg,0.14002286,Benign,Benign,True
6327.jpg,0.9271039,Malignant,Benign,False
6328.jpg,0.1786833,Benign,Benign,True
6329.jpg,0.5737076,Malignant,Benign,False
6330.jpg,0.15271427,Benign,Benign,True
6331.jpg,0.011066199,Benign,Benign,True
6332.jpg,0.14590764,Benign,Benign,True
6333.jpg,0.34723428,Benign,Benign,True
6334.jpg,0.08204035,Benign,Benign,True
6335.jpg,0.114039086,Benign,Benign,True
6336.jpg,0.21413717,Benign,Benign,True
6337.jpg,0.26800856,Benign,Benign,True
6338.jpg,0.46802998,Benign,Benign,True
6339.jpg,0.88425016,Malignant,Benign,False
6340.jpg,0.17679176,Benign,Benign,True
6341.jpg,0.25990283,Benign,Benign,True
6342.jpg,0.55458325,Malignant,Benign,False
6343.jpg,0.2972594,Benign,Benign,True
6344.jpg,0.023483245,Benign,Benign,True
6345.jpg,0.31053165,Benign,Benign,True
6346.jpg,0.5778765,Malignant,Benign,False
6347.jpg,0.09648323,Benign,Benign,True
6348.jpg,0.3913342,Benign,Benign,True
6349.jpg,0.84858376,Malignant,Benign,False
6350.jpg,0.05421935,Benign,Benign,True
6351.jpg,0.8398118,Malignant,Benign,False
6352.jpg,0.07746278,Benign,Benign,True
6353.jpg,0.0399215,Benign,Benign,True
6354.jpg,0.042039435,Benign,Benign,True
6355.jpg,0.58831507,Malignant,Benign,False
6356.jpg,0.11260552,Benign,Benign,True
6357.jpg,0.6542893,Malignant,Benign,False
6358.jpg,0.33454612,Benign,Benign,True
6359.jpg,0.9270309,Malignant,Benign,False
6360.jpg,0.117612675,Benign,Benign,True
6361.jpg,0.020953229,Benign,Benign,True
6362.jpg,0.6367135,Malignant,Benign,False
6363.jpg,0.027218442,Benign,Benign,True
6364.jpg,0.24000485,Benign,Benign,True
6365.jpg,0.027904427,Benign,Benign,True
6366.jpg,0.030172398,Benign,Benign,True
6367.jpg,0.8974234,Malignant,Benign,False
6368.jpg,0.054988973,Benign,Benign,True
6369.jpg,0.21383834,Benign,Benign,True
6370.jpg,0.272925,Benign,Benign,True
6371.jpg,0.18762602,Benign,Benign,True
6372.jpg,0.069643416,Benign,Benign,True
6373.jpg,0.53815013,Malignant,Benign,False
6374.jpg,0.8568309,Malignant,Benign,False
6375.jpg,0.92144,Malignant,Benign,False
6376.jpg,0.11334828,Benign,Benign,True
6377.jpg,0.05332915,Benign,Benign,True
6378.jpg,0.16494733,Benign,Benign,True
6379.jpg,0.13864817,Benign,Benign,True
6380.jpg,0.56390154,Malignant,Benign,False
6381.jpg,0.9356844,Malignant,Benign,False
6382.jpg,0.09549158,Benign,Benign,True
6383.jpg,0.109523185,Benign,Benign,True
6384.jpg,0.8607362,Malignant,Benign,False
6385.jpg,0.69536763,Malignant,Benign,False
6386.jpg,0.21798368,Benign,Benign,True
6387.jpg,0.16356483,Benign,Benign,True
6388.jpg,0.13191737,Benign,Benign,True
6389.jpg,0.4586771,Benign,Benign,True
6390.jpg,0.5662015,Malignant,Benign,False
6391.jpg,0.076156944,Benign,Benign,True
6392.jpg,0.18391448,Benign,Benign,True
6393.jpg,0.9906039,Malignant,Benign,False
6394.jpg,0.30083913,Benign,Benign,True
6395.jpg,0.06650069,Benign,Benign,True
6396.jpg,0.046613537,Benign,Benign,True
6397.jpg,0.123070434,Benign,Benign,True
6398.jpg,0.8374486,Malignant,Benign,False
6399.jpg,0.024798281,Benign,Benign,True
6400.jpg,0.71486795,Malignant,Benign,False
6401.jpg,0.27693093,Benign,Benign,True
6402.jpg,0.09486437,Benign,Benign,True
6403.jpg,0.11402932,Benign,Benign,True
6404.jpg,0.24385674,Benign,Benign,True
6405.jpg,0.6436525,Malignant,Benign,False
6406.jpg,0.28300568,Benign,Benign,True
6407.jpg,0.16556756,Benign,Benign,True
6408.jpg,0.8438662,Malignant,Benign,False
6409.jpg,0.29445067,Benign,Benign,True
6410.jpg,0.87647474,Malignant,Benign,False
6411.jpg,0.3616996,Benign,Benign,True
6412.jpg,0.85281074,Malignant,Benign,False
6413.jpg,0.061835997,Benign,Benign,True
6414.jpg,0.6357343,Malignant,Benign,False
6415.jpg,0.120942675,Benign,Benign,True
6416.jpg,0.44854838,Benign,Benign,True
6417.jpg,0.93814045,Malignant,Benign,False
6418.jpg,0.019030964,Benign,Benign,True
6419.jpg,0.43730396,Benign,Benign,True
6420.jpg,0.3070658,Benign,Benign,True
6421.jpg,0.023214871,Benign,Benign,True
6422.jpg,0.33004922,Benign,Benign,True
6423.jpg,0.29880917,Benign,Benign,True
6424.jpg,0.23677567,Benign,Benign,True
6425.jpg,0.13378343,Benign,Benign,True
6426.jpg,0.26110768,Benign,Benign,True
6427.jpg,0.16214065,Benign,Benign,True
6428.jpg,0.09272746,Benign,Benign,True
6429.jpg,0.05687005,Benign,Benign,True
6430.jpg,0.17845018,Benign,Benign,True
6431.jpg,0.13265559,Benign,Benign,True
6432.jpg,0.16440418,Benign,Benign,True
6433.jpg,0.3742912,Benign,Benign,True
6434.jpg,0.5515821,Malignant,Benign,False
6435.jpg,0.1879076,Benign,Benign,True
6436.jpg,0.17887746,Benign,Benign,True
6437.jpg,0.1906041,Benign,Benign,True
6438.jpg,0.30813378,Benign,Benign,True
6439.jpg,0.22231235,Benign,Benign,True
6440.jpg,0.08272417,Benign,Benign,True
6441.jpg,0.028967055,Benign,Benign,True
6442.jpg,0.73688495,Malignant,Benign,False
6443.jpg,0.12330258,Benign,Benign,True
6444.jpg,0.59448314,Malignant,Benign,False
6445.jpg,0.099603735,Benign,Benign,True
6446.jpg,0.27976292,Benign,Benign,True
6447.jpg,0.2641304,Benign,Benign,True
6448.jpg,0.11557344,Benign,Benign,True
6449.jpg,0.07460562,Benign,Benign,True
6450.jpg,0.24150595,Benign,Benign,True
6451.jpg,0.16384405,Benign,Benign,True
6452.jpg,0.6005153,Malignant,Benign,False
6453.jpg,0.011993635,Benign,Benign,True
6454.jpg,0.26494777,Benign,Benign,True
6455.jpg,0.94704896,Malignant,Benign,False
6456.jpg,0.03336908,Benign,Benign,True
6457.jpg,0.11241687,Benign,Benign,True
6458.jpg,0.5750619,Malignant,Benign,False
6459.jpg,0.047927555,Benign,Benign,True
6460.jpg,0.5063059,Malignant,Benign,False
6461.jpg,0.16985415,Benign,Benign,True
6462.jpg,0.661305,Malignant,Benign,False
6463.jpg,0.4155504,Benign,Benign,True
6464.jpg,0.55847603,Malignant,Benign,False
6465.jpg,0.13062663,Benign,Benign,True
6466.jpg,0.12646869,Benign,Benign,True
6467.jpg,0.30878237,Benign,Benign,True
6468.jpg,0.2686609,Benign,Benign,True
6469.jpg,0.15340212,Benign,Benign,True
6470.jpg,0.35343212,Benign,Benign,True
6471.jpg,0.18303221,Benign,Benign,True
6472.jpg,0.57094944,Malignant,Benign,False
6473.jpg,0.6645625,Malignant,Benign,False
6474.jpg,0.5203457,Malignant,Benign,False
6475.jpg,0.72785443,Malignant,Benign,False
6476.jpg,0.30818656,Benign,Benign,True
6477.jpg,0.040053535,Benign,Benign,True
6478.jpg,0.63716274,Malignant,Benign,False
6479.jpg,0.11162825,Benign,Benign,True
6480.jpg,0.01575121,Benign,Benign,True
6481.jpg,0.44144964,Benign,Benign,True
6482.jpg,0.13854155,Benign,Benign,True
6483.jpg,0.16118988,Benign,Benign,True
6484.jpg,0.7949654,Malignant,Benign,False
6485.jpg,0.13394657,Benign,Benign,True
6486.jpg,0.18042399,Benign,Benign,True
6487.jpg,0.49848968,Benign,Benign,True
6488.jpg,0.27273217,Benign,Benign,True
6489.jpg,0.07775092,Benign,Benign,True
6490.jpg,0.11327548,Benign,Benign,True
6491.jpg,0.09482798,Benign,Benign,True
6492.jpg,0.77331936,Malignant,Benign,False
6493.jpg,0.9836481,Malignant,Benign,False
6494.jpg,0.14495435,Benign,Benign,True
6495.jpg,0.13516523,Benign,Benign,True
6496.jpg,0.35885894,Benign,Benign,True
6497.jpg,0.032622777,Benign,Benign,True
6498.jpg,0.113082364,Benign,Benign,True
6499.jpg,0.09359355,Benign,Benign,True
6500.jpg,0.052235633,Benign,Benign,True
6501.jpg,0.13825837,Benign,Benign,True
6502.jpg,0.46261543,Benign,Benign,True
6503.jpg,0.13684562,Benign,Benign,True
6504.jpg,0.18046317,Benign,Benign,True
6505.jpg,0.056942217,Benign,Benign,True
6506.jpg,0.025787313,Benign,Benign,True
6507.jpg,0.056652196,Benign,Benign,True
6508.jpg,0.3728654,Benign,Benign,True
6509.jpg,0.12417016,Benign,Benign,True
6510.jpg,0.1396319,Benign,Benign,True
6511.jpg,0.6025246,Malignant,Benign,False
6512.jpg,0.53446347,Malignant,Benign,False
6513.jpg,0.04283143,Benign,Benign,True
6514.jpg,0.04700527,Benign,Benign,True
6515.jpg,0.23664807,Benign,Benign,True
6516.jpg,0.08165426,Benign,Benign,True
6517.jpg,0.27688143,Benign,Benign,True
6518.jpg,0.17401187,Benign,Benign,True
6519.jpg,0.028800612,Benign,Benign,True
6520.jpg,0.18512219,Benign,Benign,True
6521.jpg,0.75327045,Malignant,Benign,False
6522.jpg,0.14581266,Benign,Benign,True
6523.jpg,0.21438248,Benign,Benign,True
6525.jpg,0.68619263,Malignant,Benign,False
6526.jpg,0.26521263,Benign,Benign,True
6527.jpg,0.10340427,Benign,Benign,True
6528.jpg,0.66128033,Malignant,Benign,False
6529.jpg,0.91885567,Malignant,Benign,False
6530.jpg,0.3014203,Benign,Benign,True
6531.jpg,0.12383155,Benign,Benign,True
6532.jpg,0.012629854,Benign,Benign,True
6533.jpg,0.030311592,Benign,Benign,True
6534.jpg,0.04999999,Benign,Benign,True
6535.jpg,0.6392643,Malignant,Benign,False
6536.jpg,0.866468,Malignant,Benign,False
6537.jpg,0.09891683,Benign,Benign,True
6538.jpg,0.25512207,Benign,Benign,True
6539.jpg,0.026140265,Benign,Benign,True
6540.jpg,0.18944357,Benign,Benign,True
6541.jpg,0.8701175,Malignant,Benign,False
6542.jpg,0.49622923,Benign,Benign,True
6543.jpg,0.25521427,Benign,Benign,True
6544.jpg,0.8096303,Malignant,Benign,False
6545.jpg,0.072315075,Benign,Benign,True
6546.jpg,0.05424032,Benign,Benign,True
6547.jpg,0.058404684,Benign,Benign,True
6548.jpg,0.71071714,Malignant,Benign,False
6549.jpg,0.52416325,Malignant,Benign,False
6550.jpg,0.6959556,Malignant,Benign,False
6551.jpg,0.4622595,Benign,Benign,True
6552.jpg,0.6279754,Malignant,Benign,False
6553.jpg,0.4924589,Benign,Benign,True
6554.jpg,0.43276566,Benign,Benign,True
6555.jpg,0.3129929,Benign,Benign,True
6556.jpg,0.7302582,Malignant,Benign,False
6557.jpg,0.47450763,Benign,Benign,True
6558.jpg,0.12836942,Benign,Benign,True
6559.jpg,0.28037673,Benign,Benign,True
6560.jpg,0.4402127,Benign,Benign,True
6561.jpg,0.17039946,Benign,Benign,True
6562.jpg,0.21798179,Benign,Benign,True
6563.jpg,0.04505479,Benign,Benign,True
6564.jpg,0.6741418,Malignant,Benign,False
6565.jpg,0.7434706,Malignant,Benign,False
6566.jpg,0.3744943,Benign,Benign,True
6567.jpg,0.69704324,Malignant,Benign,False
6568.jpg,0.018456964,Benign,Benign,True
6569.jpg,0.18697385,Benign,Benign,True
6570.jpg,0.76671386,Malignant,Benign,False
6571.jpg,0.44726533,Benign,Benign,True
6572.jpg,0.16727163,Benign,Benign,True
6573.jpg,0.5069124,Malignant,Benign,False
6574.jpg,0.23268133,Benign,Benign,True
6575.jpg,0.43860698,Benign,Benign,True
6576.jpg,0.5326631,Malignant,Benign,False
6577.jpg,0.429754,Benign,Benign,True
6578.jpg,0.028584799,Benign,Benign,True
6579.jpg,0.2991319,Benign,Benign,True
6580.jpg,0.8530455,Malignant,Benign,False
6581.jpg,0.28655827,Benign,Benign,True
6582.jpg,0.30850416,Benign,Benign,True
6583.jpg,0.96899694,Malignant,Benign,False
6584.jpg,0.07997749,Benign,Benign,True
6585.jpg,0.07971031,Benign,Benign,True
6586.jpg,0.78696686,Malignant,Benign,False
6587.jpg,0.05447822,Benign,Benign,True
6588.jpg,0.09852102,Benign,Benign,True
6589.jpg,0.33285132,Benign,Benign,True
6590.jpg,0.7558777,Malignant,Benign,False
6591.jpg,0.19185577,Benign,Benign,True
6592.jpg,0.61864585,Malignant,Benign,False
6593.jpg,0.30732042,Benign,Benign,True
6594.jpg,0.2907451,Benign,Benign,True
6595.jpg,0.7242757,Malignant,Benign,False
6596.jpg,0.08676478,Benign,Benign,True
6597.jpg,0.25539732,Benign,Benign,True
6598.jpg,0.37749815,Benign,Benign,True
6599.jpg,0.31891328,Benign,Benign,True
6600.jpg,0.589452,Malignant,Benign,False
6601.jpg,0.8743295,Malignant,Benign,False
6602.jpg,0.7940304,Malignant,Benign,False
6603.jpg,0.06295346,Benign,Benign,True
6604.jpg,0.53995967,Malignant,Benign,False
6605.jpg,0.6405137,Malignant,Benign,False
6606.jpg,0.04841081,Benign,Benign,True
6607.jpg,0.70971334,Malignant,Benign,False
6608.jpg,0.08555021,Benign,Benign,True
6609.jpg,0.79306585,Malignant,Benign,False
6610.jpg,0.25895354,Benign,Benign,True
6611.jpg,0.09693793,Benign,Benign,True
6612.jpg,0.07982578,Benign,Benign,True
6613.jpg,0.097452514,Benign,Benign,True
6614.jpg,0.15951112,Benign,Benign,True
6615.jpg,0.46086127,Benign,Benign,True
6616.jpg,0.62271136,Malignant,Benign,False
6617.jpg,0.39744988,Benign,Benign,True
6618.jpg,0.7400422,Malignant,Benign,False
6619.jpg,0.008320919,Benign,Benign,True
6620.jpg,0.32015413,Benign,Benign,True
6621.jpg,0.3059429,Benign,Benign,True
6622.jpg,0.040334437,Benign,Benign,True
6623.jpg,0.7900454,Malignant,Benign,False
6624.jpg,0.028295983,Benign,Benign,True
6625.jpg,0.08734904,Benign,Benign,True
6626.jpg,0.21074957,Benign,Benign,True
6627.jpg,0.6723524,Malignant,Benign,False
6628.jpg,0.07159187,Benign,Benign,True
6629.jpg,0.09865257,Benign,Benign,True
6630.jpg,0.14772104,Benign,Benign,True
6631.jpg,0.35527965,Benign,Benign,True
6632.jpg,0.259374,Benign,Benign,True
6633.jpg,0.72218066,Malignant,Benign,False
6634.jpg,0.3538298,Benign,Benign,True
6635.jpg,0.5777201,Malignant,Benign,False
6636.jpg,0.88063407,Malignant,Benign,False
6637.jpg,0.059876528,Benign,Benign,True
6638.jpg,0.020621685,Benign,Benign,True
6639.jpg,0.8212664,Malignant,Benign,False
6640.jpg,0.96023446,Malignant,Benign,False
6641.jpg,0.14207076,Benign,Benign,True
6642.jpg,0.53913075,Malignant,Benign,False
6643.jpg,0.17550631,Benign,Benign,True
6644.jpg,0.19398297,Benign,Benign,True
6645.jpg,0.2250089,Benign,Benign,True
6646.jpg,0.14112002,Benign,Benign,True
6647.jpg,0.72033775,Malignant,Benign,False
6648.jpg,0.011823011,Benign,Benign,True
6649.jpg,0.15824884,Benign,Benign,True
6650.jpg,0.46786788,Benign,Benign,True
6651.jpg,0.091570385,Benign,Benign,True
6652.jpg,0.044601314,Benign,Benign,True
6653.jpg,0.65901065,Malignant,Benign,False
6654.jpg,0.15819737,Benign,Benign,True
6655.jpg,0.05588583,Benign,Benign,True
6656.jpg,0.8917109,Malignant,Benign,False
6657.jpg,0.37803426,Benign,Benign,True
6658.jpg,0.20840576,Benign,Benign,True
6659.jpg,0.20993342,Benign,Benign,True
6660.jpg,0.097559534,Benign,Benign,True
6661.jpg,0.07673122,Benign,Benign,True
6662.jpg,0.029162113,Benign,Benign,True
6663.jpg,0.572898,Malignant,Benign,False
6664.jpg,0.94327587,Malignant,Benign,False
6665.jpg,0.6575756,Malignant,Benign,False
6666.jpg,0.42416945,Benign,Benign,True
6667.jpg,0.24104103,Benign,Benign,True
6668.jpg,0.12147178,Benign,Benign,True
6669.jpg,0.65215665,Malignant,Benign,False
6670.jpg,0.32201442,Benign,Benign,True
6671.jpg,0.23101068,Benign,Benign,True
6672.jpg,0.15966257,Benign,Benign,True
6673.jpg,0.028415384,Benign,Benign,True
6674.jpg,0.014080377,Benign,Benign,True
6675.jpg,0.5410912,Malignant,Benign,False
6676.jpg,0.74095106,Malignant,Benign,False
6677.jpg,0.54621375,Malignant,Benign,False
6678.jpg,0.009063107,Benign,Benign,True
6679.jpg,0.08980903,Benign,Benign,True
6680.jpg,0.22690374,Benign,Benign,True
6681.jpg,0.7091469,Malignant,Benign,False
6682.jpg,0.80382675,Malignant,Benign,False
6683.jpg,0.043057043,Benign,Benign,True
6684.jpg,0.28081882,Benign,Benign,True
6685.jpg,0.7787167,Malignant,Benign,False
6686.jpg,0.14086875,Benign,Benign,True
6687.jpg,0.5866806,Malignant,Benign,False
6688.jpg,0.18483163,Benign,Benign,True
6689.jpg,0.84370464,Malignant,Benign,False
6690.jpg,0.23653398,Benign,Benign,True
6691.jpg,0.8057169,Malignant,Benign,False
6692.jpg,0.036653392,Benign,Benign,True
6693.jpg,0.39711457,Benign,Benign,True
6694.jpg,0.47870672,Benign,Benign,True
6695.jpg,0.32986775,Benign,Benign,True
6696.jpg,0.38202444,Benign,Benign,True
6697.jpg,0.20502856,Benign,Benign,True
6698.jpg,0.4226292,Benign,Benign,True
6699.jpg,0.20398666,Benign,Benign,True
6700.jpg,0.031665962,Benign,Benign,True
6701.jpg,0.5599907,Malignant,Benign,False
6702.jpg,0.87829566,Malignant,Benign,False
6703.jpg,0.8709405,Malignant,Benign,False
6704.jpg,0.2373684,Benign,Benign,True
6705.jpg,0.36166504,Benign,Benign,True
6706.jpg,0.22711879,Benign,Benign,True
6707.jpg,0.2928325,Benign,Benign,True
6708.jpg,0.5016324,Malignant,Benign,False
6709.jpg,0.0623055,Benign,Benign,True
6710.jpg,0.32153493,Benign,Benign,True
6711.jpg,0.08460929,Benign,Benign,True
6712.jpg,0.4591198,Benign,Benign,True
6713.jpg,0.99301493,Malignant,Benign,False
6714.jpg,0.1626812,Benign,Benign,True
6715.jpg,0.6182667,Malignant,Benign,False
6716.jpg,0.19272842,Benign,Benign,True
6717.jpg,0.34922132,Benign,Benign,True
6718.jpg,0.98773366,Malignant,Benign,False
6719.jpg,0.4617677,Benign,Benign,True
6720.jpg,0.7847867,Malignant,Benign,False
6721.jpg,0.05157216,Benign,Benign,True
6722.jpg,0.2252172,Benign,Benign,True
6723.jpg,0.20960207,Benign,Benign,True
6724.jpg,0.053244244,Benign,Benign,True
6725.jpg,0.8276968,Malignant,Benign,False
6726.jpg,0.39837238,Benign,Benign,True
6727.jpg,0.08029778,Benign,Benign,True
6728.jpg,0.104459316,Benign,Benign,True
6729.jpg,0.30341667,Benign,Benign,True
6730.jpg,0.30718186,Benign,Benign,True
6731.jpg,0.48132718,Benign,Benign,True
6732.jpg,0.101051584,Benign,Benign,True
6733.jpg,0.5092543,Malignant,Benign,False
6734.jpg,0.5153884,Malignant,Benign,False
6735.jpg,0.574871,Malignant,Benign,False
6736.jpg,0.83075637,Malignant,Benign,False
6737.jpg,0.029343206,Benign,Benign,True
6738.jpg,0.05475501,Benign,Benign,True
6739.jpg,0.6999693,Malignant,Benign,False
6740.jpg,0.082690924,Benign,Benign,True
6741.jpg,0.1905964,Benign,Benign,True
6742.jpg,0.4664787,Benign,Benign,True
6743.jpg,0.061013028,Benign,Benign,True
6744.jpg,0.023197249,Benign,Benign,True
6745.jpg,0.13762796,Benign,Benign,True
6746.jpg,0.19643566,Benign,Benign,True
6747.jpg,0.14208688,Benign,Benign,True
6748.jpg,0.35271564,Benign,Benign,True
6749.jpg,0.050837364,Benign,Benign,True
6750.jpg,0.21183759,Benign,Benign,True
6751.jpg,0.040795036,Benign,Benign,True
6752.jpg,0.96750087,Malignant,Benign,False
6753.jpg,0.023142466,Benign,Benign,True
6754.jpg,0.35657516,Benign,Benign,True
6755.jpg,0.58953476,Malignant,Benign,False
6756.jpg,0.49263188,Benign,Benign,True
6757.jpg,0.114495024,Benign,Benign,True
6758.jpg,0.71869385,Malignant,Benign,False
6759.jpg,0.18855083,Benign,Benign,True
6760.jpg,0.29694462,Benign,Benign,True
6761.jpg,0.08950692,Benign,Benign,True
6762.jpg,0.48181382,Benign,Benign,True
6763.jpg,0.09356193,Benign,Benign,True
6764.jpg,0.29338863,Benign,Benign,True
6765.jpg,0.047956515,Benign,Benign,True
6766.jpg,0.5986976,Malignant,Benign,False
6767.jpg,0.86703914,Malignant,Benign,False
6768.jpg,0.4847244,Benign,Benign,True
6769.jpg,0.0533864,Benign,Benign,True
6770.jpg,0.082282476,Benign,Benign,True
6771.jpg,0.51411545,Malignant,Benign,False
6772.jpg,0.027315028,Benign,Benign,True
6773.jpg,0.23468658,Benign,Benign,True
6774.jpg,0.55358875,Malignant,Benign,False
6775.jpg,0.12545942,Benign,Benign,True
6776.jpg,0.3181207,Benign,Benign,True
6777.jpg,0.15377016,Benign,Benign,True
6778.jpg,0.9755605,Malignant,Benign,False
6779.jpg,0.08928674,Benign,Benign,True
6780.jpg,0.117926955,Benign,Benign,True
6781.jpg,0.36199465,Benign,Benign,True
6782.jpg,0.37565878,Benign,Benign,True
6783.jpg,0.28700525,Benign,Benign,True
6784.jpg,0.24357432,Benign,Benign,True
6785.jpg,0.89047724,Malignant,Benign,False
6786.jpg,0.36709252,Benign,Benign,True
6787.jpg,0.45654604,Benign,Benign,True
6788.jpg,0.8378971,Malignant,Benign,False
6789.jpg,0.047331236,Benign,Benign,True
6790.jpg,0.04367444,Benign,Benign,True
6791.jpg,0.202226,Benign,Benign,True
6792.jpg,0.33290875,Benign,Benign,True
6793.jpg,0.048188273,Benign,Benign,True
6794.jpg,0.27231306,Benign,Benign,True
6795.jpg,0.35564554,Benign,Benign,True
6796.jpg,0.53876245,Malignant,Benign,False
6797.jpg,0.8396301,Malignant,Benign,False
6798.jpg,0.1518106,Benign,Benign,True
6799.jpg,0.13550845,Benign,Benign,True
6800.jpg,0.05071947,Benign,Benign,True
6801.jpg,0.1667325,Benign,Benign,True
6802.jpg,0.869573,Malignant,Benign,False
6803.jpg,0.38312778,Benign,Benign,True
6804.jpg,0.63648677,Malignant,Benign,False
6805.jpg,0.22817592,Benign,Benign,True
6806.jpg,0.753746,Malignant,Benign,False
6807.jpg,0.36005872,Benign,Benign,True
6808.jpg,0.6375769,Malignant,Benign,False
6809.jpg,0.68513834,Malignant,Benign,False
6810.jpg,0.09051745,Benign,Benign,True
6811.jpg,0.63126963,Malignant,Benign,False
6812.jpg,0.043500148,Benign,Benign,True
6813.jpg,0.5889081,Malignant,Benign,False
6814.jpg,0.16503485,Benign,Benign,True
6815.jpg,0.86912036,Malignant,Benign,False
6816.jpg,0.06363366,Benign,Benign,True
6817.jpg,0.8157883,Malignant,Benign,False
6818.jpg,0.070286185,Benign,Benign,True
6819.jpg,0.18370585,Benign,Benign,True
6820.jpg,0.122318886,Benign,Benign,True
6821.jpg,0.64664567,Malignant,Benign,False
6822.jpg,0.23028566,Benign,Benign,True
6823.jpg,0.11952077,Benign,Benign,True
6824.jpg,0.1197406,Benign,Benign,True
6825.jpg,0.22019954,Benign,Benign,True
6826.jpg,0.5087063,Malignant,Benign,False
6827.jpg,0.15166165,Benign,Benign,True
6828.jpg,0.7964957,Malignant,Benign,False
6829.jpg,0.57249045,Malignant,Benign,False
6830.jpg,0.77253455,Malignant,Benign,False
6831.jpg,0.49435216,Benign,Benign,True
6832.jpg,0.048816822,Benign,Benign,True
6833.jpg,0.36413744,Benign,Benign,True
6834.jpg,0.067340605,Benign,Benign,True
6835.jpg,0.03943861,Benign,Benign,True
6836.jpg,0.11642483,Benign,Benign,True
6837.jpg,0.0490567,Benign,Benign,True
6838.jpg,0.77404004,Malignant,Benign,False
6839.jpg,0.017066998,Benign,Benign,True
6840.jpg,0.22762617,Benign,Benign,True
6841.jpg,0.3282655,Benign,Benign,True
6842.jpg,0.30874828,Benign,Benign,True
6843.jpg,0.012206649,Benign,Benign,True
6844.jpg,0.5159773,Malignant,Benign,False
6845.jpg,0.6086303,Malignant,Benign,False
6846.jpg,0.06534121,Benign,Benign,True
6847.jpg,0.10978353,Benign,Benign,True
6848.jpg,0.15906891,Benign,Benign,True
6849.jpg,0.21521954,Benign,Benign,True
6850.jpg,0.25171217,Benign,Benign,True
6851.jpg,0.06917841,Benign,Benign,True
6852.jpg,0.108839,Benign,Benign,True
6853.jpg,0.49307173,Benign,Benign,True
6854.jpg,0.2778305,Benign,Benign,True
6855.jpg,0.5321982,Malignant,Benign,False
6856.jpg,0.09798275,Benign,Benign,True
6857.jpg,0.19509172,Benign,Benign,True
6858.jpg,0.07819835,Benign,Benign,True
6859.jpg,0.39943865,Benign,Benign,True
6860.jpg,0.08168089,Benign,Benign,True
6861.jpg,0.6560035,Malignant,Benign,False
6862.jpg,0.40347686,Benign,Benign,True
6863.jpg,0.14674939,Benign,Benign,True
6864.jpg,0.57462245,Malignant,Benign,False
6865.jpg,0.14041312,Benign,Benign,True
6866.jpg,0.3962786,Benign,Benign,True
6867.jpg,0.33888057,Benign,Benign,True
6868.jpg,0.45992774,Benign,Benign,True
6869.jpg,0.018379718,Benign,Benign,True
6870.jpg,0.6006813,Malignant,Benign,False
6871.jpg,0.015471853,Benign,Benign,True
6872.jpg,0.49945897,Benign,Benign,True
6873.jpg,0.1507528,Benign,Benign,True
6874.jpg,0.48037702,Benign,Benign,True
6875.jpg,0.061085932,Benign,Benign,True
6876.jpg,0.88544255,Malignant,Benign,False
6877.jpg,0.07069838,Benign,Benign,True
6878.jpg,0.35342917,Benign,Benign,True
6879.jpg,0.05417445,Benign,Benign,True
6880.jpg,0.83009416,Malignant,Benign,False
6881.jpg,0.021570433,Benign,Benign,True
6882.jpg,0.80650926,Malignant,Benign,False
6883.jpg,0.9224646,Malignant,Benign,False
6884.jpg,0.13582025,Benign,Benign,True
6885.jpg,0.2682493,Benign,Benign,True
6886.jpg,0.72872114,Malignant,Benign,False
6887.jpg,0.49609035,Benign,Benign,True
6888.jpg,0.6571374,Malignant,Benign,False
6889.jpg,0.41982776,Benign,Benign,True
6890.jpg,0.4149449,Benign,Benign,True
6891.jpg,0.2300758,Benign,Benign,True
6892.jpg,0.18856312,Benign,Benign,True
6893.jpg,0.1380282,Benign,Benign,True
6894.jpg,0.16993694,Benign,Benign,True
6895.jpg,0.029958924,Benign,Benign,True
6896.jpg,0.13709018,Benign,Benign,True
6897.jpg,0.41755757,Benign,Benign,True
6898.jpg,0.8895145,Malignant,Benign,False
6899.jpg,0.07641384,Benign,Benign,True
6900.jpg,0.37910494,Benign,Benign,True
6901.jpg,0.47121063,Benign,Benign,True
6902.jpg,0.7512522,Malignant,Benign,False
6903.jpg,0.18272996,Benign,Benign,True
6904.jpg,0.3006069,Benign,Benign,True
6905.jpg,0.4874611,Benign,Benign,True
6906.jpg,0.425804,Benign,Benign,True
6907.jpg,0.2748819,Benign,Benign,True
6908.jpg,0.0574178,Benign,Benign,True
6909.jpg,0.39829814,Benign,Benign,True
6910.jpg,0.05088378,Benign,Benign,True
6911.jpg,0.14307395,Benign,Benign,True
6912.jpg,0.07336007,Benign,Benign,True
6913.jpg,0.22213033,Benign,Benign,True
6914.jpg,0.0284422,Benign,Benign,True
6915.jpg,0.15299529,Benign,Benign,True
6916.jpg,0.6842825,Malignant,Benign,False
6917.jpg,0.13890381,Benign,Benign,True
6918.jpg,0.5266192,Malignant,Benign,False
6919.jpg,0.08025368,Benign,Benign,True
6920.jpg,0.04316736,Benign,Benign,True
6921.jpg,0.05167333,Benign,Benign,True
6922.jpg,0.09081168,Benign,Benign,True
6923.jpg,0.03786007,Benign,Benign,True
6924.jpg,0.31434977,Benign,Benign,True
6925.jpg,0.093439415,Benign,Benign,True
6926.jpg,0.04441261,Benign,Benign,True
6927.jpg,0.2026967,Benign,Benign,True
6928.jpg,0.17789792,Benign,Benign,True
6929.jpg,0.088067494,Benign,Benign,True
6930.jpg,0.23493172,Benign,Benign,True
6931.jpg,0.37357476,Benign,Benign,True
6932.jpg,0.07106924,Benign,Benign,True
6933.jpg,0.6297345,Malignant,Benign,False
6934.jpg,0.65650946,Malignant,Benign,False
6935.jpg,0.12981611,Benign,Benign,True
6936.jpg,0.08068626,Benign,Benign,True
6937.jpg,0.91671735,Malignant,Benign,False
6938.jpg,0.46625188,Benign,Benign,True
6939.jpg,0.16670473,Benign,Benign,True
6940.jpg,0.5743549,Malignant,Benign,False
6941.jpg,0.010460449,Benign,Benign,True
6942.jpg,0.07581426,Benign,Benign,True
6943.jpg,0.6129667,Malignant,Benign,False
6944.jpg,0.27516672,Benign,Benign,True
6945.jpg,0.34508714,Benign,Benign,True
6946.jpg,0.37651718,Benign,Benign,True
6947.jpg,0.13218123,Benign,Benign,True
6948.jpg,0.11382717,Benign,Benign,True
6949.jpg,0.389675,Benign,Benign,True
6950.jpg,0.2685206,Benign,Benign,True
6951.jpg,0.79352146,Malignant,Benign,False
6952.jpg,0.3789157,Benign,Benign,True
6953.jpg,0.16309698,Benign,Benign,True
6954.jpg,0.19216426,Benign,Benign,True
6955.jpg,0.28618255,Benign,Benign,True
6956.jpg,0.8687379,Malignant,Benign,False
6957.jpg,0.022918247,Benign,Benign,True
6958.jpg,0.053455852,Benign,Benign,True
6959.jpg,0.19957301,Benign,Benign,True
6960.jpg,0.10935955,Benign,Benign,True
6961.jpg,0.47778356,Benign,Benign,True
6962.jpg,0.20129731,Benign,Benign,True
6963.jpg,0.6943038,Malignant,Benign,False
6964.jpg,0.4988775,Benign,Benign,True
6965.jpg,0.068863384,Benign,Benign,True
6966.jpg,0.5114187,Malignant,Benign,False
6967.jpg,0.13233402,Benign,Benign,True
6968.jpg,0.4102303,Benign,Benign,True
6969.jpg,0.14799562,Benign,Benign,True
6970.jpg,0.28782952,Benign,Benign,True
6971.jpg,0.9215716,Malignant,Benign,False
6972.jpg,0.65125185,Malignant,Benign,False
6973.jpg,0.1401964,Benign,Benign,True
6974.jpg,0.72382075,Malignant,Benign,False
6975.jpg,0.049503807,Benign,Benign,True
6976.jpg,0.3362158,Benign,Benign,True
6977.jpg,0.3119884,Benign,Benign,True
6978.jpg,0.11925396,Benign,Benign,True
6979.jpg,0.008869795,Benign,Benign,True
6980.jpg,0.042510953,Benign,Benign,True
6981.jpg,0.2951655,Benign,Benign,True
6982.jpg,0.14986575,Benign,Benign,True
6983.jpg,0.22241054,Benign,Benign,True
6984.jpg,0.29076764,Benign,Benign,True
6985.jpg,0.32457632,Benign,Benign,True
6986.jpg,0.34398523,Benign,Benign,True
6987.jpg,0.20358135,Benign,Benign,True
6988.jpg,0.30612114,Benign,Benign,True
6989.jpg,0.7702395,Malignant,Benign,False
6990.jpg,0.62158495,Malignant,Benign,False
6991.jpg,0.1020226,Benign,Benign,True
6992.jpg,0.19839717,Benign,Benign,True
6993.jpg,0.022145024,Benign,Benign,True
6994.jpg,0.24981025,Benign,Benign,True
6995.jpg,0.15071908,Benign,Benign,True
6996.jpg,0.41625273,Benign,Benign,True
6997.jpg,0.1323467,Benign,Benign,True
6998.jpg,0.19678754,Benign,Benign,True
6999.jpg,0.5605022,Malignant,Benign,False
7000.jpg,0.04149436,Benign,Benign,True
7001.jpg,0.07382673,Benign,Benign,True
7002.jpg,0.4289301,Benign,Benign,True
7003.jpg,0.15792727,Benign,Benign,True
7004.jpg,0.5147827,Malignant,Benign,False
7005.jpg,0.7411587,Malignant,Benign,False
7006.jpg,0.18626143,Benign,Benign,True
7007.jpg,0.8028729,Malignant,Benign,False
7008.jpg,0.37054852,Benign,Benign,True
7009.jpg,0.07241038,Benign,Benign,True
7010.jpg,0.049244102,Benign,Benign,True
7011.jpg,0.10636892,Benign,Benign,True
7012.jpg,0.87625116,Malignant,Benign,False
7013.jpg,0.06851515,Benign,Benign,True
7014.jpg,0.15689157,Benign,Benign,True
7015.jpg,0.034609836,Benign,Benign,True
7016.jpg,0.015825653,Benign,Benign,True
7017.jpg,0.047754105,Benign,Benign,True
7018.jpg,0.96629065,Malignant,Benign,False
7019.jpg,0.12222617,Benign,Benign,True
7020.jpg,0.03837871,Benign,Benign,True
7021.jpg,0.049704682,Benign,Benign,True
7022.jpg,0.13460207,Benign,Benign,True
7023.jpg,0.25590536,Benign,Benign,True
7024.jpg,0.035645436,Benign,Benign,True
7025.jpg,0.23291676,Benign,Benign,True
7026.jpg,0.74298894,Malignant,Benign,False
7027.jpg,0.11217545,Benign,Benign,True
7028.jpg,0.06270085,Benign,Benign,True
7029.jpg,0.33418196,Benign,Benign,True
7030.jpg,0.23529959,Benign,Benign,True
7031.jpg,0.24838413,Benign,Benign,True
7032.jpg,0.5238915,Malignant,Benign,False
7033.jpg,0.27992806,Benign,Benign,True
7034.jpg,0.35352328,Benign,Benign,True
7035.jpg,0.38288587,Benign,Benign,True
7036.jpg,0.015505147,Benign,Benign,True
7037.jpg,0.46237448,Benign,Benign,True
7038.jpg,0.053127605,Benign,Benign,True
7039.jpg,0.22910228,Benign,Benign,True
7040.jpg,0.20111224,Benign,Benign,True
7041.jpg,0.5798175,Malignant,Benign,False
7042.jpg,0.26592883,Benign,Benign,True
7043.jpg,0.7842983,Malignant,Benign,False
7044.jpg,0.7150542,Malignant,Benign,False
7045.jpg,0.3635204,Benign,Benign,True
7046.jpg,0.06753155,Benign,Benign,True
7047.jpg,0.30468622,Benign,Benign,True
7048.jpg,0.9014288,Malignant,Benign,False
7049.jpg,0.038196705,Benign,Benign,True
7050.jpg,0.0143012265,Benign,Benign,True
7051.jpg,0.082318544,Benign,Benign,True
7052.jpg,0.056426544,Benign,Benign,True
7053.jpg,0.19943605,Benign,Benign,True
7054.jpg,0.84490025,Malignant,Benign,False
7055.jpg,0.11308077,Benign,Benign,True
7056.jpg,0.13595422,Benign,Benign,True
7057.jpg,0.88608,Malignant,Benign,False
7058.jpg,0.72980696,Malignant,Benign,False
7059.jpg,0.33505508,Benign,Benign,True
7060.jpg,0.08940573,Benign,Benign,True
7061.jpg,0.1474355,Benign,Benign,True
7062.jpg,0.22959384,Benign,Benign,True
7063.jpg,0.17361069,Benign,Benign,True
7064.jpg,0.14593072,Benign,Benign,True
7065.jpg,0.22431095,Benign,Benign,True
7066.jpg,0.7800313,Malignant,Benign,False
7067.jpg,0.13084151,Benign,Benign,True
7068.jpg,0.03747875,Benign,Benign,True
7069.jpg,0.05548368,Benign,Benign,True
7070.jpg,0.048616007,Benign,Benign,True
7071.jpg,0.20476468,Benign,Benign,True
7072.jpg,0.59337425,Malignant,Benign,False
7073.jpg,0.46789077,Benign,Benign,True
7074.jpg,0.9722874,Malignant,Benign,False
7075.jpg,0.03794134,Benign,Benign,True
7076.jpg,0.0897192,Benign,Benign,True
7077.jpg,0.91499895,Malignant,Benign,False
7078.jpg,0.5712908,Malignant,Benign,False
7079.jpg,0.4050048,Benign,Benign,True
7080.jpg,0.030368395,Benign,Benign,True
7081.jpg,0.04837412,Benign,Benign,True
7082.jpg,0.4309773,Benign,Benign,True
7083.jpg,0.73833776,Malignant,Benign,False
7084.jpg,0.07363035,Benign,Benign,True
7085.jpg,0.022731157,Benign,Benign,True
7086.jpg,0.20179357,Benign,Benign,True
7087.jpg,0.30416465,Benign,Benign,True
7088.jpg,0.8026773,Malignant,Benign,False
7089.jpg,0.62126017,Malignant,Benign,False
7090.jpg,0.041597586,Benign,Benign,True
7091.jpg,0.77695024,Malignant,Benign,False
7092.jpg,0.0056827506,Benign,Benign,True
7093.jpg,0.8296478,Malignant,Benign,False
7094.jpg,0.34723276,Benign,Benign,True
7095.jpg,0.05537739,Benign,Benign,True
7096.jpg,0.403294,Benign,Benign,True
7097.jpg,0.069361374,Benign,Benign,True
7098.jpg,0.76771045,Malignant,Benign,False
7099.jpg,0.028935498,Benign,Benign,True
7100.jpg,0.1860978,Benign,Benign,True
7101.jpg,0.5688477,Malignant,Benign,False
7102.jpg,0.7030033,Malignant,Benign,False
7103.jpg,0.7712353,Malignant,Benign,False
7104.jpg,0.4568807,Benign,Benign,True
7105.jpg,0.7499899,Malignant,Benign,False
7106.jpg,0.21090466,Benign,Benign,True
7107.jpg,0.02584583,Benign,Benign,True
7108.jpg,0.27792013,Benign,Benign,True
7109.jpg,0.32651535,Benign,Benign,True
7110.jpg,0.27701116,Benign,Benign,True
7111.jpg,0.17365251,Benign,Benign,True
7112.jpg,0.8018672,Malignant,Benign,False
7113.jpg,0.05367487,Benign,Benign,True
7114.jpg,0.2771891,Benign,Benign,True
7115.jpg,0.9711515,Malignant,Benign,False
7116.jpg,0.44323954,Benign,Benign,True
7117.jpg,0.15622313,Benign,Benign,True
7118.jpg,0.2573298,Benign,Benign,True
7119.jpg,0.6008806,Malignant,Benign,False
7120.jpg,0.20646527,Benign,Benign,True
7121.jpg,0.24702567,Benign,Benign,True
7122.jpg,0.087502584,Benign,Benign,True
7123.jpg,0.032953154,Benign,Benign,True
7124.jpg,0.07286507,Benign,Benign,True
7125.jpg,0.05227785,Benign,Benign,True
7126.jpg,0.14716627,Benign,Benign,True
7127.jpg,0.7206465,Malignant,Benign,False
7128.jpg,0.7693629,Malignant,Benign,False
7129.jpg,0.15681651,Benign,Benign,True
7130.jpg,0.05529934,Benign,Benign,True
7131.jpg,0.16699396,Benign,Benign,True
7132.jpg,0.32520851,Benign,Benign,True
7133.jpg,0.52969474,Malignant,Benign,False
7134.jpg,0.2619723,Benign,Benign,True
7135.jpg,0.093827926,Benign,Benign,True
7136.jpg,0.23349833,Benign,Benign,True
7137.jpg,0.10659594,Benign,Benign,True
7138.jpg,0.14796011,Benign,Benign,True
7139.jpg,0.5167002,Malignant,Benign,False
7140.jpg,0.8779344,Malignant,Benign,False
7141.jpg,0.023179945,Benign,Benign,True
7142.jpg,0.6626253,Malignant,Benign,False
7143.jpg,0.8853295,Malignant,Benign,False
7144.jpg,0.5323456,Malignant,Benign,False
7145.jpg,0.6350771,Malignant,Benign,False
7146.jpg,0.058614373,Benign,Benign,True
7147.jpg,0.1651395,Benign,Benign,True
7148.jpg,0.7140832,Malignant,Benign,False
7149.jpg,0.012030021,Benign,Benign,True
7150.jpg,0.8981386,Malignant,Benign,False
7151.jpg,0.06206124,Benign,Benign,True
7152.jpg,0.13265458,Benign,Benign,True
7153.jpg,0.32036284,Benign,Benign,True
7154.jpg,0.82921016,Malignant,Benign,False
7155.jpg,0.7705115,Malignant,Benign,False
7156.jpg,0.6068015,Malignant,Benign,False
7157.jpg,0.20282699,Benign,Benign,True
7158.jpg,0.24273115,Benign,Benign,True
7159.jpg,0.250074,Benign,Benign,True
7160.jpg,0.30152985,Benign,Benign,True
7161.jpg,0.42989126,Benign,Benign,True
7162.jpg,0.5463201,Malignant,Benign,False
7163.jpg,0.37543193,Benign,Benign,True
7164.jpg,0.17941098,Benign,Benign,True
7165.jpg,0.0727017,Benign,Benign,True
7166.jpg,0.7331834,Malignant,Benign,False
7167.jpg,0.9257366,Malignant,Benign,False
7168.jpg,0.6744281,Malignant,Benign,False
7169.jpg,0.4976313,Benign,Benign,True
7170.jpg,0.057794757,Benign,Benign,True
7171.jpg,0.05627741,Benign,Benign,True
7172.jpg,0.27359143,Benign,Benign,True
7173.jpg,0.009181713,Benign,Benign,True
7174.jpg,0.40705073,Benign,Benign,True
7175.jpg,0.8670414,Malignant,Benign,False
7176.jpg,0.830771,Malignant,Benign,False
7177.jpg,0.05641768,Benign,Benign,True
7178.jpg,0.49176607,Benign,Benign,True
7179.jpg,0.65304667,Malignant,Benign,False
7180.jpg,0.091011584,Benign,Benign,True
7181.jpg,0.9912247,Malignant,Benign,False
7182.jpg,0.63415724,Malignant,Benign,False
7183.jpg,0.11943932,Benign,Benign,True
7184.jpg,0.06351893,Benign,Benign,True
7185.jpg,0.14900689,Benign,Benign,True
7186.jpg,0.054305732,Benign,Benign,True
7187.jpg,0.842062,Malignant,Benign,False
7188.jpg,0.09522419,Benign,Benign,True
7189.jpg,0.9720698,Malignant,Benign,False
7190.jpg,0.125531,Benign,Benign,True
7191.jpg,0.59533536,Malignant,Benign,False
7192.jpg,0.2576447,Benign,Benign,True
7193.jpg,0.66144896,Malignant,Benign,False
7194.jpg,0.2913355,Benign,Benign,True
7195.jpg,0.85353595,Malignant,Benign,False
7196.jpg,0.035685707,Benign,Benign,True
7197.jpg,0.053032797,Benign,Benign,True
7198.jpg,0.459244,Benign,Benign,True
7199.jpg,0.019527066,Benign,Benign,True
7200.jpg,0.16720772,Benign,Benign,True
7201.jpg,0.4707856,Benign,Benign,True
7202.jpg,0.1951554,Benign,Benign,True
7203.jpg,0.66324264,Malignant,Benign,False
7204.jpg,0.032324973,Benign,Benign,True
7205.jpg,0.036027234,Benign,Benign,True
7206.jpg,0.8020276,Malignant,Benign,False
7207.jpg,0.66721827,Malignant,Benign,False
7208.jpg,0.70846885,Malignant,Benign,False
7209.jpg,0.08378137,Benign,Benign,True
7210.jpg,0.00976328,Benign,Benign,True
7211.jpg,0.13849254,Benign,Benign,True
7212.jpg,0.22453418,Benign,Benign,True
7213.jpg,0.3102882,Benign,Benign,True
7214.jpg,0.060707,Benign,Benign,True
7215.jpg,0.5134109,Malignant,Benign,False
7216.jpg,0.13309395,Benign,Benign,True
7217.jpg,0.62939423,Malignant,Benign,False
7218.jpg,0.9978076,Malignant,Benign,False
7219.jpg,0.9268032,Malignant,Benign,False
7220.jpg,0.80841964,Malignant,Benign,False
7221.jpg,0.37736925,Benign,Benign,True
7222.jpg,0.29454356,Benign,Benign,True
7223.jpg,0.10160554,Benign,Benign,True
7224.jpg,0.770946,Malignant,Benign,False
7225.jpg,0.2958354,Benign,Benign,True
7226.jpg,0.14613584,Benign,Benign,True
7227.jpg,0.51226825,Malignant,Benign,False
7228.jpg,0.22720261,Benign,Benign,True
7229.jpg,0.2617391,Benign,Benign,True
7230.jpg,0.00844998,Benign,Benign,True
7231.jpg,0.21065009,Benign,Benign,True
7232.jpg,0.06694329,Benign,Benign,True
7233.jpg,0.06700274,Benign,Benign,True
7234.jpg,0.17798932,Benign,Benign,True
7235.jpg,0.4630591,Benign,Benign,True
7236.jpg,0.62184906,Malignant,Benign,False
7237.jpg,0.2062009,Benign,Benign,True
7238.jpg,0.13726968,Benign,Benign,True
7239.jpg,0.58588964,Malignant,Benign,False
7240.jpg,0.5007221,Malignant,Benign,False
7241.jpg,0.14114808,Benign,Benign,True
7242.jpg,0.40924227,Benign,Benign,True
7243.jpg,0.03591426,Benign,Benign,True
7244.jpg,0.23258306,Benign,Benign,True
7245.jpg,0.1386218,Benign,Benign,True
7246.jpg,0.07648941,Benign,Benign,True
7247.jpg,0.36020756,Benign,Benign,True
7248.jpg,0.047820672,Benign,Benign,True
7249.jpg,0.45114285,Benign,Benign,True
7250.jpg,0.18287008,Benign,Benign,True
7251.jpg,0.8782577,Malignant,Benign,False
7252.jpg,0.10344983,Benign,Benign,True
7253.jpg,0.8630802,Malignant,Benign,False
7254.jpg,0.063105926,Benign,Benign,True
7255.jpg,0.20045994,Benign,Benign,True
7256.jpg,0.70260113,Malignant,Benign,False
7257.jpg,0.4026734,Benign,Benign,True
7258.jpg,0.028368749,Benign,Benign,True
7259.jpg,0.19948785,Benign,Benign,True
7261.jpg,0.06112825,Benign,Benign,True
7262.jpg,0.14730294,Benign,Benign,True
7263.jpg,0.30689526,Benign,Benign,True
7264.jpg,0.45348287,Benign,Benign,True
7265.jpg,0.025422309,Benign,Benign,True
7266.jpg,0.51354456,Malignant,Benign,False
7267.jpg,0.41115096,Benign,Benign,True
7268.jpg,0.2211712,Benign,Benign,True
7269.jpg,0.06724128,Benign,Benign,True
7270.jpg,0.8855687,Malignant,Benign,False
7271.jpg,0.24196532,Benign,Benign,True
7272.jpg,0.5990328,Malignant,Benign,False
7273.jpg,0.12941863,Benign,Benign,True
7274.jpg,0.019010643,Benign,Benign,True
7275.jpg,0.57428676,Malignant,Benign,False
7276.jpg,0.54700804,Malignant,Benign,False
7277.jpg,0.5037294,Malignant,Benign,False
7278.jpg,0.43142074,Benign,Benign,True
7279.jpg,0.09225161,Benign,Benign,True
7280.jpg,0.5756747,Malignant,Benign,False
7281.jpg,0.18666242,Benign,Benign,True
7282.jpg,0.22210847,Benign,Benign,True
7283.jpg,0.11475662,Benign,Benign,True
7284.jpg,0.4435401,Benign,Benign,True
7285.jpg,0.6491251,Malignant,Benign,False
7286.jpg,0.2511149,Benign,Benign,True
7287.jpg,0.010607132,Benign,Benign,True
7288.jpg,0.5653589,Malignant,Benign,False
7289.jpg,0.78587174,Malignant,Benign,False
7290.jpg,0.1919963,Benign,Benign,True
7291.jpg,0.0518772,Benign,Benign,True
7292.jpg,0.192864,Benign,Benign,True
7293.jpg,0.42349032,Benign,Benign,True
7294.jpg,0.1545997,Benign,Benign,True
7295.jpg,0.52759194,Malignant,Benign,False
7296.jpg,0.1182594,Benign,Benign,True
7297.jpg,0.48443845,Benign,Benign,True
7298.jpg,0.6607715,Malignant,Benign,False
7299.jpg,0.47083777,Benign,Benign,True
7300.jpg,0.68948376,Malignant,Benign,False
5602.jpg,0.95722115,Malignant,Malignant,True
5603.jpg,0.9909793,Malignant,Malignant,True
5604.jpg,0.9815811,Malignant,Malignant,True
5605.jpg,0.41915783,Benign,Malignant,False
5606.jpg,0.97720754,Malignant,Malignant,True
5607.jpg,0.99904686,Malignant,Malignant,True
5608.jpg,0.99751806,Malignant,Malignant,True
5609.jpg,0.9999414,Malignant,Malignant,True
5610.jpg,0.5634022,Malignant,Malignant,True
5611.jpg,0.9932431,Malignant,Malignant,True
5612.jpg,0.9851128,Malignant,Malignant,True
5613.jpg,0.9997406,Malignant,Malignant,True
5614.jpg,0.99903315,Malignant,Malignant,True
5615.jpg,0.99968505,Malignant,Malignant,True
5616.jpg,0.99957615,Malignant,Malignant,True
5617.jpg,0.99360615,Malignant,Malignant,True
5618.jpg,0.9970846,Malignant,Malignant,True
5619.jpg,0.9860799,Malignant,Malignant,True
5620.jpg,0.99957126,Malignant,Malignant,True
5621.jpg,0.29412484,Benign,Malignant,False
5622.jpg,0.99768597,Malignant,Malignant,True
5623.jpg,0.9975618,Malignant,Malignant,True
5624.jpg,0.7530835,Malignant,Malignant,True
5625.jpg,0.80947936,Malignant,Malignant,True
5626.jpg,0.9889525,Malignant,Malignant,True
5627.jpg,0.99608195,Malignant,Malignant,True
5628.jpg,0.94852287,Malignant,Malignant,True
5629.jpg,0.99990696,Malignant,Malignant,True
5630.jpg,0.8424071,Malignant,Malignant,True
5631.jpg,0.982013,Malignant,Malignant,True
5632.jpg,0.63823825,Malignant,Malignant,True
5633.jpg,0.99979174,Malignant,Malignant,True
5634.jpg,0.289896,Benign,Malignant,False
5635.jpg,0.9823317,Malignant,Malignant,True
5636.jpg,0.97415614,Malignant,Malignant,True
5637.jpg,0.76072276,Malignant,Malignant,True
5638.jpg,0.929539,Malignant,Malignant,True
5639.jpg,0.5906276,Malignant,Malignant,True
5640.jpg,0.9992964,Malignant,Malignant,True
5641.jpg,0.9990898,Malignant,Malignant,True
5642.jpg,0.92677516,Malignant,Malignant,True
5643.jpg,0.56994814,Malignant,Malignant,True
5644.jpg,0.9955441,Malignant,Malignant,True
5645.jpg,0.996129,Malignant,Malignant,True
5646.jpg,0.9997788,Malignant,Malignant,True
5647.jpg,0.9960828,Malignant,Malignant,True
5648.jpg,0.2794086,Benign,Malignant,False
5649.jpg,0.32679898,Benign,Malignant,False
5650.jpg,0.99693865,Malignant,Malignant,True
5651.jpg,0.9996408,Malignant,Malignant,True
5652.jpg,0.9999834,Malignant,Malignant,True
5653.jpg,0.9982512,Malignant,Malignant,True
5654.jpg,0.5787027,Malignant,Malignant,True
5655.jpg,0.9837789,Malignant,Malignant,True
5656.jpg,0.99975944,Malignant,Malignant,True
5657.jpg,0.96910655,Malignant,Malignant,True
5658.jpg,0.98000216,Malignant,Malignant,True
5659.jpg,0.9998644,Malignant,Malignant,True
5660.jpg,0.9901488,Malignant,Malignant,True
5661.jpg,0.9118751,Malignant,Malignant,True
5662.jpg,0.2597427,Benign,Malignant,False
5663.jpg,0.99592865,Malignant,Malignant,True
5664.jpg,0.9996344,Malignant,Malignant,True
5665.jpg,0.9996181,Malignant,Malignant,True
5666.jpg,0.57733697,Malignant,Malignant,True
5667.jpg,0.99988645,Malignant,Malignant,True
5668.jpg,0.9982229,Malignant,Malignant,True
5669.jpg,0.98860556,Malignant,Malignant,True
5670.jpg,0.9997632,Malignant,Malignant,True
5671.jpg,0.6201902,Malignant,Malignant,True
5672.jpg,0.99991804,Malignant,Malignant,True
5673.jpg,0.8137781,Malignant,Malignant,True
5674.jpg,0.9921542,Malignant,Malignant,True
5675.jpg,0.9991624,Malignant,Malignant,True
5676.jpg,0.9995026,Malignant,Malignant,True
5677.jpg,0.9780802,Malignant,Malignant,True
5678.jpg,0.97950125,Malignant,Malignant,True
5679.jpg,0.9990486,Malignant,Malignant,True
5680.jpg,0.884603,Malignant,Malignant,True
5681.jpg,0.5188688,Malignant,Malignant,True
5682.jpg,0.8774657,Malignant,Malignant,True
5683.jpg,0.9995598,Malignant,Malignant,True
5684.jpg,0.9127761,Malignant,Malignant,True
5685.jpg,0.98589003,Malignant,Malignant,True
5686.jpg,0.99095225,Malignant,Malignant,True
5687.jpg,0.98843014,Malignant,Malignant,True
5688.jpg,0.98092103,Malignant,Malignant,True
5689.jpg,0.9734902,Malignant,Malignant,True
5690.jpg,0.9424928,Malignant,Malignant,True
5691.jpg,0.98279715,Malignant,Malignant,True
5692.jpg,0.9410656,Malignant,Malignant,True
5693.jpg,0.9997437,Malignant,Malignant,True
5694.jpg,0.99435705,Malignant,Malignant,True
5695.jpg,0.9988777,Malignant,Malignant,True
5696.jpg,0.2215431,Benign,Malignant,False
5697.jpg,0.9880563,Malignant,Malignant,True
5698.jpg,0.9275547,Malignant,Malignant,True
5699.jpg,0.34767914,Benign,Malignant,False
5700.jpg,0.893195,Malignant,Malignant,True
5701.jpg,0.9521172,Malignant,Malignant,True
5702.jpg,0.56765646,Malignant,Malignant,True
5703.jpg,0.06736343,Benign,Malignant,False
5704.jpg,0.77239054,Malignant,Malignant,True
5705.jpg,0.89404225,Malignant,Malignant,True
5706.jpg,0.8974136,Malignant,Malignant,True
5707.jpg,0.6782118,Malignant,Malignant,True
5708.jpg,0.42847356,Benign,Malignant,False
5709.jpg,0.56692946,Malignant,Malignant,True
5710.jpg,0.99955964,Malignant,Malignant,True
5711.jpg,0.9994416,Malignant,Malignant,True
5712.jpg,0.6623024,Malignant,Malignant,True
5713.jpg,0.29999214,Benign,Malignant,False
5714.jpg,0.8999886,Malignant,Malignant,True
5715.jpg,0.4083668,Benign,Malignant,False
5716.jpg,0.43401718,Benign,Malignant,False
5717.jpg,0.6420051,Malignant,Malignant,True
5718.jpg,0.19044754,Benign,Malignant,False
5719.jpg,0.81360227,Malignant,Malignant,True
5720.jpg,0.6215579,Malignant,Malignant,True
5721.jpg,0.9913447,Malignant,Malignant,True
5722.jpg,0.8686401,Malignant,Malignant,True
5723.jpg,0.96757346,Malignant,Malignant,True
5724.jpg,0.30307177,Benign,Malignant,False
5725.jpg,0.907922,Malignant,Malignant,True
5726.jpg,0.4722639,Benign,Malignant,False
5727.jpg,0.9932034,Malignant,Malignant,True
5728.jpg,0.2934991,Benign,Malignant,False
5729.jpg,0.76099944,Malignant,Malignant,True
5730.jpg,0.9566849,Malignant,Malignant,True
5731.jpg,0.80278397,Malignant,Malignant,True
5732.jpg,0.9821179,Malignant,Malignant,True
5733.jpg,0.6995205,Malignant,Malignant,True
5734.jpg,0.81178474,Malignant,Malignant,True
5735.jpg,0.9524421,Malignant,Malignant,True
5736.jpg,0.6002676,Malignant,Malignant,True
5737.jpg,0.8882071,Malignant,Malignant,True
5738.jpg,0.7768113,Malignant,Malignant,True
5739.jpg,0.6828775,Malignant,Malignant,True
5740.jpg,0.34069285,Benign,Malignant,False
5741.jpg,0.59816605,Malignant,Malignant,True
5742.jpg,0.2829699,Benign,Malignant,False
5743.jpg,0.9052542,Malignant,Malignant,True
5744.jpg,0.783543,Malignant,Malignant,True
5745.jpg,0.5926915,Malignant,Malignant,True
5746.jpg,0.7191632,Malignant,Malignant,True
5747.jpg,0.99890643,Malignant,Malignant,True
5748.jpg,0.35414425,Benign,Malignant,False
5749.jpg,0.84274405,Malignant,Malignant,True
5750.jpg,0.14970332,Benign,Malignant,False
5751.jpg,0.674038,Malignant,Malignant,True
5752.jpg,0.9273051,Malignant,Malignant,True
5753.jpg,0.9095781,Malignant,Malignant,True
5754.jpg,0.94782573,Malignant,Malignant,True
5755.jpg,0.93409985,Malignant,Malignant,True
5756.jpg,0.702189,Malignant,Malignant,True
5757.jpg,0.7382463,Malignant,Malignant,True
5758.jpg,0.8383802,Malignant,Malignant,True
5759.jpg,0.89274514,Malignant,Malignant,True
5760.jpg,0.9129284,Malignant,Malignant,True
5761.jpg,0.64560604,Malignant,Malignant,True
5762.jpg,0.75645936,Malignant,Malignant,True
5763.jpg,0.5570607,Malignant,Malignant,True
5764.jpg,0.31364605,Benign,Malignant,False
5765.jpg,0.9998254,Malignant,Malignant,True
5766.jpg,0.54443616,Malignant,Malignant,True
5767.jpg,0.8192633,Malignant,Malignant,True
5768.jpg,0.98943144,Malignant,Malignant,True
5769.jpg,0.8510141,Malignant,Malignant,True
5770.jpg,0.86139417,Malignant,Malignant,True
5771.jpg,0.40153915,Benign,Malignant,False
5772.jpg,0.9692906,Malignant,Malignant,True
5773.jpg,0.5662808,Malignant,Malignant,True
5774.jpg,0.86893445,Malignant,Malignant,True
5775.jpg,0.5058803,Malignant,Malignant,True
5776.jpg,0.99509674,Malignant,Malignant,True
5777.jpg,0.9959672,Malignant,Malignant,True
5778.jpg,0.94455504,Malignant,Malignant,True
5779.jpg,0.6877769,Malignant,Malignant,True
5780.jpg,0.1250439,Benign,Malignant,False
5781.jpg,0.25068447,Benign,Malignant,False
5782.jpg,0.7238765,Malignant,Malignant,True
5783.jpg,0.6607583,Malignant,Malignant,True
5784.jpg,0.8706031,Malignant,Malignant,True
5785.jpg,0.97674423,Malignant,Malignant,True
5786.jpg,0.6956626,Malignant,Malignant,True
5787.jpg,0.5741936,Malignant,Malignant,True
5788.jpg,0.9006454,Malignant,Malignant,True
5789.jpg,0.7688446,Malignant,Malignant,True
5790.jpg,0.56941706,Malignant,Malignant,True
5791.jpg,0.72455615,Malignant,Malignant,True
5792.jpg,0.64743286,Malignant,Malignant,True
5793.jpg,0.71969163,Malignant,Malignant,True
5794.jpg,0.28170785,Benign,Malignant,False
5795.jpg,0.80371606,Malignant,Malignant,True
5796.jpg,0.7656742,Malignant,Malignant,True
5797.jpg,0.99522007,Malignant,Malignant,True
5798.jpg,0.9770563,Malignant,Malignant,True
5799.jpg,0.9340326,Malignant,Malignant,True
5800.jpg,0.94680864,Malignant,Malignant,True
5801.jpg,0.7585014,Malignant,Malignant,True
5802.jpg,0.86714923,Malignant,Malignant,True
5803.jpg,0.3777072,Benign,Malignant,False
5804.jpg,0.31838274,Benign,Malignant,False
5805.jpg,0.5513945,Malignant,Malignant,True
5806.jpg,0.45739642,Benign,Malignant,False
5807.jpg,0.71223336,Malignant,Malignant,True
5808.jpg,0.9876746,Malignant,Malignant,True
5809.jpg,0.947599,Malignant,Malignant,True
5810.jpg,0.99745035,Malignant,Malignant,True
5811.jpg,0.8817241,Malignant,Malignant,True
5812.jpg,0.38971362,Benign,Malignant,False
5813.jpg,0.6345941,Malignant,Malignant,True
5814.jpg,0.23422226,Benign,Malignant,False
5815.jpg,0.60714173,Malignant,Malignant,True
5816.jpg,0.9163931,Malignant,Malignant,True
5817.jpg,0.51717067,Malignant,Malignant,True
5818.jpg,0.3141432,Benign,Malignant,False
5819.jpg,0.85335714,Malignant,Malignant,True
5820.jpg,0.8418635,Malignant,Malignant,True
5821.jpg,0.9991344,Malignant,Malignant,True
5822.jpg,0.9981392,Malignant,Malignant,True
5823.jpg,0.9619979,Malignant,Malignant,True
5824.jpg,0.8502449,Malignant,Malignant,True
5825.jpg,0.118158616,Benign,Malignant,False
5826.jpg,0.71267325,Malignant,Malignant,True
5827.jpg,0.55520636,Malignant,Malignant,True
5828.jpg,0.8959971,Malignant,Malignant,True
5829.jpg,0.6202822,Malignant,Malignant,True
5830.jpg,0.45055482,Benign,Malignant,False
5831.jpg,0.83041745,Malignant,Malignant,True
5832.jpg,0.9393063,Malignant,Malignant,True
5833.jpg,0.33211768,Benign,Malignant,False
5834.jpg,0.9965092,Malignant,Malignant,True
5835.jpg,0.69034094,Malignant,Malignant,True
5836.jpg,0.39273438,Benign,Malignant,False
5837.jpg,0.95633614,Malignant,Malignant,True
5838.jpg,0.118718036,Benign,Malignant,False
5839.jpg,0.716316,Malignant,Malignant,True
5840.jpg,0.5344412,Malignant,Malignant,True
5841.jpg,0.13718203,Benign,Malignant,False
5842.jpg,0.08548716,Benign,Malignant,False
5843.jpg,0.95980847,Malignant,Malignant,True
5844.jpg,0.52173054,Malignant,Malignant,True
5845.jpg,0.7591722,Malignant,Malignant,True
5846.jpg,0.9781876,Malignant,Malignant,True
5847.jpg,0.88333726,Malignant,Malignant,True
5848.jpg,0.8048884,Malignant,Malignant,True
5849.jpg,0.8748885,Malignant,Malignant,True
5850.jpg,0.23276758,Benign,Malignant,False
5851.jpg,0.77633667,Malignant,Malignant,True
5852.jpg,0.8329994,Malignant,Malignant,True
5853.jpg,0.7942244,Malignant,Malignant,True
5854.jpg,0.91073465,Malignant,Malignant,True
5855.jpg,0.7813414,Malignant,Malignant,True
5856.jpg,0.5254622,Malignant,Malignant,True
5857.jpg,0.8526686,Malignant,Malignant,True
5858.jpg,0.9485516,Malignant,Malignant,True
5859.jpg,0.280948,Benign,Malignant,False
5860.jpg,0.73200715,Malignant,Malignant,True
5861.jpg,0.56307364,Malignant,Malignant,True
5862.jpg,0.57645726,Malignant,Malignant,True
5863.jpg,0.9255788,Malignant,Malignant,True
5864.jpg,0.5981203,Malignant,Malignant,True
5865.jpg,0.68030256,Malignant,Malignant,True
5866.jpg,0.4593511,Benign,Malignant,False
5867.jpg,0.70818496,Malignant,Malignant,True
5868.jpg,0.66426164,Malignant,Malignant,True
5869.jpg,0.8144726,Malignant,Malignant,True
5870.jpg,0.9147829,Malignant,Malignant,True
5871.jpg,0.5038404,Malignant,Malignant,True
5872.jpg,0.59586596,Malignant,Malignant,True
5873.jpg,0.2548621,Benign,Malignant,False
5874.jpg,0.4304159,Benign,Malignant,False
5875.jpg,0.48200393,Benign,Malignant,False
5876.jpg,0.94916207,Malignant,Malignant,True
5877.jpg,0.97527486,Malignant,Malignant,True
5878.jpg,0.8368736,Malignant,Malignant,True
5879.jpg,0.8710974,Malignant,Malignant,True
5880.jpg,0.8784789,Malignant,Malignant,True
5881.jpg,0.5282018,Malignant,Malignant,True
5882.jpg,0.68609536,Malignant,Malignant,True
5883.jpg,0.99762046,Malignant,Malignant,True
5884.jpg,0.5026661,Malignant,Malignant,True
5885.jpg,0.22940984,Benign,Malignant,False
5886.jpg,0.61825734,Malignant,Malignant,True
5887.jpg,0.9631878,Malignant,Malignant,True
5888.jpg,0.93666714,Malignant,Malignant,True
5889.jpg,0.349525,Benign,Malignant,False
5890.jpg,0.8848146,Malignant,Malignant,True
5891.jpg,0.8528411,Malignant,Malignant,True
5892.jpg,0.6766954,Malignant,Malignant,True
5893.jpg,0.6385813,Malignant,Malignant,True
5894.jpg,0.13130784,Benign,Malignant,False
5895.jpg,0.51560783,Malignant,Malignant,True
5896.jpg,0.997844,Malignant,Malignant,True
5897.jpg,0.79919785,Malignant,Malignant,True
5898.jpg,0.96143013,Malignant,Malignant,True
5899.jpg,0.7956874,Malignant,Malignant,True
5900.jpg,0.3929742,Benign,Malignant,False
5901.jpg,0.12431131,Benign,Malignant,False
5902.jpg,0.30637702,Benign,Malignant,False
5903.jpg,0.6822438,Malignant,Malignant,True
5904.jpg,0.11305975,Benign,Malignant,False
5905.jpg,0.76271534,Malignant,Malignant,True
5906.jpg,0.35502198,Benign,Malignant,False
5907.jpg,0.5263256,Malignant,Malignant,True
5908.jpg,0.98055685,Malignant,Malignant,True
5909.jpg,0.7816656,Malignant,Malignant,True
5910.jpg,0.99988806,Malignant,Malignant,True
5911.jpg,0.68970394,Malignant,Malignant,True
5912.jpg,0.676245,Malignant,Malignant,True
5913.jpg,0.7242818,Malignant,Malignant,True
5914.jpg,0.75926125,Malignant,Malignant,True
5915.jpg,0.9376731,Malignant,Malignant,True
5916.jpg,0.7991798,Malignant,Malignant,True
5917.jpg,0.48285338,Benign,Malignant,False
5918.jpg,0.86069614,Malignant,Malignant,True
5919.jpg,0.77822566,Malignant,Malignant,True
5920.jpg,0.98205227,Malignant,Malignant,True
5921.jpg,0.9681662,Malignant,Malignant,True
5922.jpg,0.6526013,Malignant,Malignant,True
5923.jpg,0.3040921,Benign,Malignant,False
5924.jpg,0.3319965,Benign,Malignant,False
5925.jpg,0.7706166,Malignant,Malignant,True
5926.jpg,0.8285443,Malignant,Malignant,True
5927.jpg,0.94823354,Malignant,Malignant,True
5928.jpg,0.27010566,Benign,Malignant,False
5929.jpg,0.62081045,Malignant,Malignant,True
5930.jpg,0.915072,Malignant,Malignant,True
5931.jpg,0.76615787,Malignant,Malignant,True
5932.jpg,0.998708,Malignant,Malignant,True
5933.jpg,0.973523,Malignant,Malignant,True
5934.jpg,0.6069877,Malignant,Malignant,True
5935.jpg,0.1664989,Benign,Malignant,False
5936.jpg,0.96395755,Malignant,Malignant,True
5937.jpg,0.286541,Benign,Malignant,False
5938.jpg,0.71503496,Malignant,Malignant,True
5939.jpg,0.7389259,Malignant,Malignant,True
5940.jpg,0.6189428,Malignant,Malignant,True
5941.jpg,0.942931,Malignant,Malignant,True
5942.jpg,0.9347914,Malignant,Malignant,True
5943.jpg,0.9923636,Malignant,Malignant,True
5944.jpg,0.7176247,Malignant,Malignant,True
5945.jpg,0.32167447,Benign,Malignant,False
5946.jpg,0.9587809,Malignant,Malignant,True
5947.jpg,0.7591015,Malignant,Malignant,True
5948.jpg,0.70911604,Malignant,Malignant,True
5949.jpg,0.8275294,Malignant,Malignant,True
5950.jpg,0.9490352,Malignant,Malignant,True
5951.jpg,0.7780425,Malignant,Malignant,True
5952.jpg,0.75212175,Malignant,Malignant,True
5953.jpg,0.7993678,Malignant,Malignant,True
5954.jpg,0.9810556,Malignant,Malignant,True
5955.jpg,0.31948292,Benign,Malignant,False
5956.jpg,0.52505416,Malignant,Malignant,True
5957.jpg,0.9889635,Malignant,Malignant,True
5958.jpg,0.83053124,Malignant,Malignant,True
5959.jpg,0.9110303,Malignant,Malignant,True
5960.jpg,0.57943666,Malignant,Malignant,True
5961.jpg,0.9328006,Malignant,Malignant,True
5962.jpg,0.3658274,Benign,Malignant,False
5963.jpg,0.8711501,Malignant,Malignant,True
5964.jpg,0.82952785,Malignant,Malignant,True
5965.jpg,0.99964625,Malignant,Malignant,True
5966.jpg,0.75131637,Malignant,Malignant,True
5967.jpg,0.93015367,Malignant,Malignant,True
5968.jpg,0.9143421,Malignant,Malignant,True
5969.jpg,0.9998918,Malignant,Malignant,True
5970.jpg,0.54441756,Malignant,Malignant,True
5971.jpg,0.65119267,Malignant,Malignant,True
5972.jpg,0.8210506,Malignant,Malignant,True
5973.jpg,0.9473778,Malignant,Malignant,True
5974.jpg,0.42836446,Benign,Malignant,False
5975.jpg,0.68969935,Malignant,Malignant,True
5976.jpg,0.6373671,Malignant,Malignant,True
5977.jpg,0.86755884,Malignant,Malignant,True
5978.jpg,0.32293478,Benign,Malignant,False
5979.jpg,0.8074307,Malignant,Malignant,True
5980.jpg,0.7198964,Malignant,Malignant,True
5981.jpg,0.9928225,Malignant,Malignant,True
5982.jpg,0.92737114,Malignant,Malignant,True
5983.jpg,0.77871096,Malignant,Malignant,True
5984.jpg,0.8381081,Malignant,Malignant,True
5985.jpg,0.9442457,Malignant,Malignant,True
5986.jpg,0.98664606,Malignant,Malignant,True
5987.jpg,0.9246787,Malignant,Malignant,True
5988.jpg,0.78277004,Malignant,Malignant,True
5989.jpg,0.7732816,Malignant,Malignant,True
5990.jpg,0.82564336,Malignant,Malignant,True
5991.jpg,0.8911547,Malignant,Malignant,True
5992.jpg,0.2937021,Benign,Malignant,False
5993.jpg,0.99778223,Malignant,Malignant,True
5994.jpg,0.8949696,Malignant,Malignant,True
5995.jpg,0.738218,Malignant,Malignant,True
5996.jpg,0.3900219,Benign,Malignant,False
5997.jpg,0.18187796,Benign,Malignant,False
5998.jpg,0.97487384,Malignant,Malignant,True
5999.jpg,0.9995675,Malignant,Malignant,True
6000.jpg,0.8474199,Malignant,Malignant,True
6001.jpg,0.41015977,Benign,Malignant,False
6002.jpg,0.94355786,Malignant,Malignant,True
6003.jpg,0.8871033,Malignant,Malignant,True
6004.jpg,0.650953,Malignant,Malignant,True
6005.jpg,0.87521994,Malignant,Malignant,True
6006.jpg,0.8938755,Malignant,Malignant,True
6007.jpg,0.9995617,Malignant,Malignant,True
6008.jpg,0.38599887,Benign,Malignant,False
6009.jpg,0.9946454,Malignant,Malignant,True
6010.jpg,0.9999962,Malignant,Malignant,True
6011.jpg,0.9849434,Malignant,Malignant,True
6012.jpg,0.9639996,Malignant,Malignant,True
6013.jpg,0.99450165,Malignant,Malignant,True
6014.jpg,0.68866575,Malignant,Malignant,True
6015.jpg,0.999602,Malignant,Malignant,True
6016.jpg,0.7746594,Malignant,Malignant,True
6017.jpg,0.80880266,Malignant,Malignant,True
6018.jpg,0.9978186,Malignant,Malignant,True
6019.jpg,0.9973949,Malignant,Malignant,True
6020.jpg,0.95810795,Malignant,Malignant,True
6021.jpg,0.9754541,Malignant,Malignant,True
6022.jpg,0.99187493,Malignant,Malignant,True
6024.jpg,0.99970675,Malignant,Malignant,True
6025.jpg,0.9990954,Malignant,Malignant,True
6026.jpg,0.99997795,Malignant,Malignant,True
6027.jpg,0.9947513,Malignant,Malignant,True
6028.jpg,0.9959148,Malignant,Malignant,True
6029.jpg,0.99767286,Malignant,Malignant,True
6030.jpg,0.99762654,Malignant,Malignant,True
6031.jpg,0.93433475,Malignant,Malignant,True
6032.jpg,0.9959785,Malignant,Malignant,True
6033.jpg,0.81082475,Malignant,Malignant,True
6034.jpg,0.79793304,Malignant,Malignant,True
6035.jpg,0.99964124,Malignant,Malignant,True
6036.jpg,0.9997487,Malignant,Malignant,True
6037.jpg,0.99996233,Malignant,Malignant,True
6038.jpg,0.99803424,Malignant,Malignant,True
6039.jpg,0.9991271,Malignant,Malignant,True
6040.jpg,0.91289914,Malignant,Malignant,True
6041.jpg,0.99959975,Malignant,Malignant,True
6042.jpg,0.9382257,Malignant,Malignant,True
6043.jpg,0.9993171,Malignant,Malignant,True
6044.jpg,0.79649085,Malignant,Malignant,True
6045.jpg,0.19641834,Benign,Malignant,False
6046.jpg,0.4963607,Benign,Malignant,False
6047.jpg,0.9477828,Malignant,Malignant,True
6048.jpg,0.9958508,Malignant,Malignant,True
6049.jpg,0.83685935,Malignant,Malignant,True
6050.jpg,0.9999962,Malignant,Malignant,True
6051.jpg,0.91708755,Malignant,Malignant,True
6052.jpg,0.99899006,Malignant,Malignant,True
6053.jpg,0.9979074,Malignant,Malignant,True
6054.jpg,0.9950654,Malignant,Malignant,True
6055.jpg,0.9999891,Malignant,Malignant,True
6056.jpg,0.5138955,Malignant,Malignant,True
6057.jpg,0.96238655,Malignant,Malignant,True
6058.jpg,0.9378977,Malignant,Malignant,True
6059.jpg,0.9624608,Malignant,Malignant,True
6060.jpg,0.813612,Malignant,Malignant,True
6061.jpg,0.87967443,Malignant,Malignant,True
6062.jpg,0.97929233,Malignant,Malignant,True
6063.jpg,0.9158083,Malignant,Malignant,True
6064.jpg,0.900861,Malignant,Malignant,True
6065.jpg,0.9049574,Malignant,Malignant,True
6066.jpg,0.99818814,Malignant,Malignant,True
6067.jpg,0.9647141,Malignant,Malignant,True
6068.jpg,0.7238362,Malignant,Malignant,True
6069.jpg,0.7734966,Malignant,Malignant,True
6070.jpg,0.9918663,Malignant,Malignant,True
6071.jpg,0.8477059,Malignant,Malignant,True
6072.jpg,0.89402956,Malignant,Malignant,True
6073.jpg,0.9524667,Malignant,Malignant,True
6074.jpg,0.95835346,Malignant,Malignant,True
6075.jpg,0.9939247,Malignant,Malignant,True
6076.jpg,0.9844386,Malignant,Malignant,True
6077.jpg,0.99866855,Malignant,Malignant,True
6078.jpg,0.93990636,Malignant,Malignant,True
6079.jpg,0.96332246,Malignant,Malignant,True
6080.jpg,0.71776545,Malignant,Malignant,True
6081.jpg,0.6618897,Malignant,Malignant,True
6082.jpg,0.981807,Malignant,Malignant,True
6083.jpg,0.9512739,Malignant,Malignant,True
6084.jpg,0.99978,Malignant,Malignant,True
6085.jpg,0.5394683,Malignant,Malignant,True
6086.jpg,0.990681,Malignant,Malignant,True
6087.jpg,0.99009085,Malignant,Malignant,True
6088.jpg,0.9872592,Malignant,Malignant,True
6089.jpg,0.97745514,Malignant,Malignant,True
6090.jpg,0.9206622,Malignant,Malignant,True
6091.jpg,0.6115715,Malignant,Malignant,True
6092.jpg,0.947172,Malignant,Malignant,True
6093.jpg,0.9999186,Malignant,Malignant,True
6094.jpg,0.7521919,Malignant,Malignant,True
6095.jpg,0.98616314,Malignant,Malignant,True
6096.jpg,0.9579969,Malignant,Malignant,True
6097.jpg,0.9917559,Malignant,Malignant,True
6098.jpg,0.7929535,Malignant,Malignant,True
6099.jpg,0.9669106,Malignant,Malignant,True
6100.jpg,0.9923352,Malignant,Malignant,True
6101.jpg,0.48083925,Benign,Malignant,False
6102.jpg,0.9080048,Malignant,Malignant,True
6103.jpg,0.9950843,Malignant,Malignant,True
6104.jpg,0.71324706,Malignant,Malignant,True
6105.jpg,0.3389822,Benign,Malignant,False
6106.jpg,0.5181676,Malignant,Malignant,True
6107.jpg,0.89677536,Malignant,Malignant,True
6108.jpg,0.96517926,Malignant,Malignant,True
6109.jpg,0.90344816,Malignant,Malignant,True
6110.jpg,0.8501229,Malignant,Malignant,True
6111.jpg,0.5117219,Malignant,Malignant,True
6112.jpg,0.9767527,Malignant,Malignant,True
6113.jpg,0.85555017,Malignant,Malignant,True
6114.jpg,0.8428761,Malignant,Malignant,True
6115.jpg,0.9865937,Malignant,Malignant,True
6116.jpg,0.548753,Malignant,Malignant,True
6117.jpg,0.93306845,Malignant,Malignant,True
6118.jpg,0.80238634,Malignant,Malignant,True
6119.jpg,0.9947724,Malignant,Malignant,True
6120.jpg,0.9560163,Malignant,Malignant,True
6121.jpg,0.4951285,Benign,Malignant,False
6122.jpg,0.9611167,Malignant,Malignant,True
6123.jpg,0.9938203,Malignant,Malignant,True
6124.jpg,0.5234882,Malignant,Malignant,True
6125.jpg,0.9904937,Malignant,Malignant,True
6126.jpg,0.86059356,Malignant,Malignant,True
6127.jpg,0.7187744,Malignant,Malignant,True
6128.jpg,0.95617837,Malignant,Malignant,True
6129.jpg,0.9862995,Malignant,Malignant,True
6130.jpg,0.8905554,Malignant,Malignant,True
6131.jpg,0.8402953,Malignant,Malignant,True
6132.jpg,0.86303973,Malignant,Malignant,True
6133.jpg,0.9908807,Malignant,Malignant,True
6134.jpg,0.88780326,Malignant,Malignant,True
6135.jpg,0.9926184,Malignant,Malignant,True
6136.jpg,0.7166872,Malignant,Malignant,True
6137.jpg,0.9998598,Malignant,Malignant,True
6138.jpg,0.9126421,Malignant,Malignant,True
6139.jpg,0.3376338,Benign,Malignant,False
6140.jpg,0.8794319,Malignant,Malignant,True
6141.jpg,0.358685,Benign,Malignant,False
6142.jpg,0.905193,Malignant,Malignant,True
6143.jpg,0.9549863,Malignant,Malignant,True
6144.jpg,0.80674124,Malignant,Malignant,True
6145.jpg,0.94204646,Malignant,Malignant,True
6146.jpg,0.9471318,Malignant,Malignant,True
6147.jpg,0.22704282,Benign,Malignant,False
6148.jpg,0.99645835,Malignant,Malignant,True
6149.jpg,0.9223945,Malignant,Malignant,True
6150.jpg,0.98589134,Malignant,Malignant,True
6151.jpg,0.9642775,Malignant,Malignant,True
6152.jpg,0.99707925,Malignant,Malignant,True
6153.jpg,0.83005595,Malignant,Malignant,True
6154.jpg,0.9698797,Malignant,Malignant,True
6155.jpg,0.6863342,Malignant,Malignant,True
6156.jpg,0.9624625,Malignant,Malignant,True
6157.jpg,0.96406525,Malignant,Malignant,True
6158.jpg,0.96379864,Malignant,Malignant,True
6159.jpg,0.99852777,Malignant,Malignant,True
6160.jpg,0.9995004,Malignant,Malignant,True
6161.jpg,0.9848865,Malignant,Malignant,True
6162.jpg,0.99769276,Malignant,Malignant,True
6163.jpg,0.6013084,Malignant,Malignant,True
6164.jpg,0.98028076,Malignant,Malignant,True
6165.jpg,0.6477065,Malignant,Malignant,True
6166.jpg,0.666691,Malignant,Malignant,True
6167.jpg,0.7907803,Malignant,Malignant,True
6168.jpg,0.4315207,Benign,Malignant,False
6169.jpg,0.9943848,Malignant,Malignant,True
6170.jpg,0.98885655,Malignant,Malignant,True
6171.jpg,0.998514,Malignant,Malignant,True
6172.jpg,0.99978554,Malignant,Malignant,True
6173.jpg,0.9987684,Malignant,Malignant,True
6174.jpg,0.8891785,Malignant,Malignant,True
6175.jpg,0.25806466,Benign,Malignant,False
6176.jpg,0.56264955,Malignant,Malignant,True
6177.jpg,0.9906958,Malignant,Malignant,True
6178.jpg,0.9836975,Malignant,Malignant,True
6179.jpg,0.9958709,Malignant,Malignant,True
6180.jpg,0.98833185,Malignant,Malignant,True
6181.jpg,0.9918282,Malignant,Malignant,True
6182.jpg,0.9952849,Malignant,Malignant,True
6183.jpg,0.9450865,Malignant,Malignant,True
6184.jpg,0.6317253,Malignant,Malignant,True
6185.jpg,0.543939,Malignant,Malignant,True
6186.jpg,0.7918935,Malignant,Malignant,True
6187.jpg,0.96523887,Malignant,Malignant,True
6188.jpg,0.9153644,Malignant,Malignant,True
6189.jpg,0.9864848,Malignant,Malignant,True
6190.jpg,0.93285906,Malignant,Malignant,True
6191.jpg,0.83334464,Malignant,Malignant,True
6192.jpg,0.57949424,Malignant,Malignant,True
6193.jpg,0.9093627,Malignant,Malignant,True
6194.jpg,0.9450689,Malignant,Malignant,True
6195.jpg,0.902973,Malignant,Malignant,True
6196.jpg,0.9707199,Malignant,Malignant,True
6197.jpg,0.9996484,Malignant,Malignant,True
6198.jpg,0.173265,Benign,Malignant,False
6199.jpg,0.9897326,Malignant,Malignant,True
6200.jpg,0.83216727,Malignant,Malignant,True
6201.jpg,0.99717444,Malignant,Malignant,True
6202.jpg,0.9566616,Malignant,Malignant,True
6203.jpg,0.5012215,Malignant,Malignant,True
6204.jpg,0.89575875,Malignant,Malignant,True
6205.jpg,0.8629189,Malignant,Malignant,True
6206.jpg,0.96705425,Malignant,Malignant,True
6207.jpg,0.80451083,Malignant,Malignant,True
6208.jpg,0.9194088,Malignant,Malignant,True
6209.jpg,0.97917414,Malignant,Malignant,True
6210.jpg,0.9835307,Malignant,Malignant,True
6211.jpg,0.9942606,Malignant,Malignant,True
6212.jpg,0.9616183,Malignant,Malignant,True
6213.jpg,0.92035484,Malignant,Malignant,True
6214.jpg,0.80738866,Malignant,Malignant,True
6215.jpg,0.9967159,Malignant,Malignant,True
6216.jpg,0.2715291,Benign,Malignant,False
6217.jpg,0.9657638,Malignant,Malignant,True
6218.jpg,0.99501085,Malignant,Malignant,True
6219.jpg,0.99686897,Malignant,Malignant,True
6220.jpg,0.9661921,Malignant,Malignant,True
6221.jpg,0.83257276,Malignant,Malignant,True
6222.jpg,0.43233067,Benign,Malignant,False
6223.jpg,0.80570114,Malignant,Malignant,True
6224.jpg,0.9893512,Malignant,Malignant,True
6225.jpg,0.47911587,Benign,Malignant,False
6226.jpg,0.99684435,Malignant,Malignant,True
6227.jpg,0.7108492,Malignant,Malignant,True
6228.jpg,0.8449585,Malignant,Malignant,True
6229.jpg,0.9596216,Malignant,Malignant,True
6230.jpg,0.9656479,Malignant,Malignant,True
6231.jpg,0.27779037,Benign,Malignant,False
6232.jpg,0.9431365,Malignant,Malignant,True
6233.jpg,0.760928,Malignant,Malignant,True
6234.jpg,0.9481074,Malignant,Malignant,True
6235.jpg,0.33566153,Benign,Malignant,False
6236.jpg,0.99064946,Malignant,Malignant,True
6237.jpg,0.9924063,Malignant,Malignant,True
6238.jpg,0.9232726,Malignant,Malignant,True
6239.jpg,0.6387938,Malignant,Malignant,True
6240.jpg,0.96715355,Malignant,Malignant,True
6241.jpg,0.76007974,Malignant,Malignant,True
6242.jpg,0.9714467,Malignant,Malignant,True
6243.jpg,0.050453275,Benign,Malignant,False
6244.jpg,0.730682,Malignant,Malignant,True
6245.jpg,0.9618655,Malignant,Malignant,True
6246.jpg,0.9740354,Malignant,Malignant,True
6247.jpg,0.9927024,Malignant,Malignant,True
6248.jpg,0.9967517,Malignant,Malignant,True
6249.jpg,0.60525626,Malignant,Malignant,True
6250.jpg,0.8549328,Malignant,Malignant,True
6251.jpg,0.983495,Malignant,Malignant,True
6252.jpg,0.80872166,Malignant,Malignant,True
6253.jpg,0.99454653,Malignant,Malignant,True
6254.jpg,0.9963996,Malignant,Malignant,True
6255.jpg,0.6861373,Malignant,Malignant,True
6256.jpg,0.98057103,Malignant,Malignant,True
6257.jpg,0.7668398,Malignant,Malignant,True
6258.jpg,0.9078905,Malignant,Malignant,True
6259.jpg,0.9914997,Malignant,Malignant,True
6260.jpg,0.98456156,Malignant,Malignant,True
6261.jpg,0.98606426,Malignant,Malignant,True
6262.jpg,0.9262505,Malignant,Malignant,True
6263.jpg,0.6636227,Malignant,Malignant,True
6264.jpg,0.90464175,Malignant,Malignant,True
6265.jpg,0.97185063,Malignant,Malignant,True
6266.jpg,0.99746794,Malignant,Malignant,True
6267.jpg,0.76630795,Malignant,Malignant,True
6268.jpg,0.98844254,Malignant,Malignant,True
6269.jpg,0.9919863,Malignant,Malignant,True
6270.jpg,0.93111515,Malignant,Malignant,True
6271.jpg,0.9998817,Malignant,Malignant,True
6272.jpg,0.8884243,Malignant,Malignant,True
6273.jpg,0.14214058,Benign,Malignant,False
6274.jpg,0.9062309,Malignant,Malignant,True
6275.jpg,0.6664801,Malignant,Malignant,True
6276.jpg,0.8934325,Malignant,Malignant,True
6277.jpg,0.94797623,Malignant,Malignant,True
6278.jpg,0.99623495,Malignant,Malignant,True
6279.jpg,0.34655952,Benign,Malignant,False
6280.jpg,0.8808719,Malignant,Malignant,True
6281.jpg,0.29467326,Benign,Malignant,False
6282.jpg,0.99213547,Malignant,Malignant,True
6283.jpg,0.97487736,Malignant,Malignant,True
6284.jpg,0.66284585,Malignant,Malignant,True
6285.jpg,0.7380855,Malignant,Malignant,True
6286.jpg,0.6619948,Malignant,Malignant,True
6287.jpg,0.7812758,Malignant,Malignant,True
6288.jpg,0.87364995,Malignant,Malignant,True
6289.jpg,0.9616963,Malignant,Malignant,True
6290.jpg,0.74299943,Malignant,Malignant,True
6291.jpg,0.9535811,Malignant,Malignant,True
6292.jpg,0.20926113,Benign,Malignant,False
6293.jpg,0.9985428,Malignant,Malignant,True
6294.jpg,0.93135524,Malignant,Malignant,True
6295.jpg,0.9874359,Malignant,Malignant,True
6296.jpg,0.64510095,Malignant,Malignant,True
6297.jpg,0.89193285,Malignant,Malignant,True
6298.jpg,0.98912644,Malignant,Malignant,True
6299.jpg,0.7125356,Malignant,Malignant,True
6300.jpg,0.93505967,Malignant,Malignant,True
6301.jpg,0.4271163,Benign,Malignant,False
6302.jpg,0.8525207,Malignant,Malignant,True
6303.jpg,0.7082633,Malignant,Malignant,True
6304.jpg,0.9776406,Malignant,Malignant,True
6305.jpg,0.9937041,Malignant,Malignant,True
6306.jpg,0.51443297,Malignant,Malignant,True
6307.jpg,0.8352647,Malignant,Malignant,True
6308.jpg,0.43513831,Benign,Malignant,False
6309.jpg,0.113917135,Benign,Malignant,False
6310.jpg,0.6335489,Malignant,Malignant,True
6311.jpg,0.89663917,Malignant,Malignant,True
6312.jpg,0.59316087,Malignant,Malignant,True
6313.jpg,0.93684477,Malignant,Malignant,True
6314.jpg,0.5294366,Malignant,Malignant,True
6315.jpg,0.7827884,Malignant,Malignant,True
6316.jpg,0.9817943,Malignant,Malignant,True
6317.jpg,0.21976025,Benign,Malignant,False
6318.jpg,0.9677488,Malignant,Malignant,True
6319.jpg,0.91126186,Malignant,Malignant,True
6320.jpg,0.7184486,Malignant,Malignant,True
6321.jpg,0.99111766,Malignant,Malignant,True
6322.jpg,0.95568955,Malignant,Malignant,True
6323.jpg,0.9848259,Malignant,Malignant,True
6324.jpg,0.8680265,Malignant,Malignant,True
6325.jpg,0.71806407,Malignant,Malignant,True
6326.jpg,0.99993384,Malignant,Malignant,True
6327.jpg,0.8964922,Malignant,Malignant,True
6328.jpg,0.94826615,Malignant,Malignant,True
6329.jpg,0.5826668,Malignant,Malignant,True
6330.jpg,0.38124326,Benign,Malignant,False
6331.jpg,0.9766497,Malignant,Malignant,True
6332.jpg,0.7236907,Malignant,Malignant,True
6333.jpg,0.92885953,Malignant,Malignant,True
6334.jpg,0.76236916,Malignant,Malignant,True
6335.jpg,0.9760733,Malignant,Malignant,True
6336.jpg,0.92558277,Malignant,Malignant,True
6337.jpg,0.999566,Malignant,Malignant,True
6338.jpg,0.9696745,Malignant,Malignant,True
6339.jpg,0.6675189,Malignant,Malignant,True
6340.jpg,0.58190393,Malignant,Malignant,True
6341.jpg,0.8363961,Malignant,Malignant,True
6342.jpg,0.36016542,Benign,Malignant,False
6343.jpg,0.9343496,Malignant,Malignant,True
6344.jpg,0.5172097,Malignant,Malignant,True
6345.jpg,0.8431827,Malignant,Malignant,True
6346.jpg,0.5537589,Malignant,Malignant,True
6347.jpg,0.8821473,Malignant,Malignant,True
6348.jpg,0.9748921,Malignant,Malignant,True
6349.jpg,0.973908,Malignant,Malignant,True
6350.jpg,0.97880155,Malignant,Malignant,True
6351.jpg,0.99401164,Malignant,Malignant,True
6352.jpg,0.99446416,Malignant,Malignant,True
6353.jpg,0.9593391,Malignant,Malignant,True
6354.jpg,0.64004964,Malignant,Malignant,True
6355.jpg,0.89422333,Malignant,Malignant,True
6356.jpg,0.9947989,Malignant,Malignant,True
6357.jpg,0.74327785,Malignant,Malignant,True
6358.jpg,0.79778206,Malignant,Malignant,True
6359.jpg,0.97225314,Malignant,Malignant,True
6360.jpg,0.9854135,Malignant,Malignant,True
6361.jpg,0.9933917,Malignant,Malignant,True
6362.jpg,0.97344387,Malignant,Malignant,True
6363.jpg,0.61867374,Malignant,Malignant,True
6364.jpg,0.40764648,Benign,Malignant,False
6365.jpg,0.9918182,Malignant,Malignant,True
6366.jpg,0.11138424,Benign,Malignant,False
6367.jpg,0.9596297,Malignant,Malignant,True
6368.jpg,0.7740283,Malignant,Malignant,True
6369.jpg,0.9148241,Malignant,Malignant,True
6370.jpg,0.16193233,Benign,Malignant,False
6371.jpg,0.9798936,Malignant,Malignant,True
6372.jpg,0.9681564,Malignant,Malignant,True
6373.jpg,0.9793569,Malignant,Malignant,True
6374.jpg,0.8739604,Malignant,Malignant,True
6375.jpg,0.9731374,Malignant,Malignant,True
6376.jpg,0.1952627,Benign,Malignant,False
6377.jpg,0.3959676,Benign,Malignant,False
6378.jpg,0.11161962,Benign,Malignant,False
6379.jpg,0.97597456,Malignant,Malignant,True
6380.jpg,0.5217534,Malignant,Malignant,True
6381.jpg,0.986908,Malignant,Malignant,True
6382.jpg,0.9998573,Malignant,Malignant,True
6383.jpg,0.6808806,Malignant,Malignant,True
6384.jpg,0.8964124,Malignant,Malignant,True
6385.jpg,0.7465389,Malignant,Malignant,True
6386.jpg,0.985466,Malignant,Malignant,True
6387.jpg,0.7890499,Malignant,Malignant,True
6388.jpg,0.97613317,Malignant,Malignant,True
6389.jpg,0.5689609,Malignant,Malignant,True
6390.jpg,0.23934159,Benign,Malignant,False
6391.jpg,0.99496025,Malignant,Malignant,True
6392.jpg,0.7930779,Malignant,Malignant,True
6393.jpg,0.99911255,Malignant,Malignant,True
6394.jpg,0.99445224,Malignant,Malignant,True
6395.jpg,0.62662107,Malignant,Malignant,True
6396.jpg,0.64781004,Malignant,Malignant,True
6397.jpg,0.9972624,Malignant,Malignant,True
6398.jpg,0.17152196,Benign,Malignant,False
6399.jpg,0.9891413,Malignant,Malignant,True
6400.jpg,0.99816275,Malignant,Malignant,True
6401.jpg,0.7893522,Malignant,Malignant,True
6402.jpg,0.97812015,Malignant,Malignant,True
6403.jpg,0.26615912,Benign,Malignant,False
6404.jpg,0.97695464,Malignant,Malignant,True
6405.jpg,0.9422235,Malignant,Malignant,True
6406.jpg,0.37055096,Benign,Malignant,False
6407.jpg,0.7541309,Malignant,Malignant,True
6408.jpg,0.60721445,Malignant,Malignant,True
6409.jpg,0.95498323,Malignant,Malignant,True
6410.jpg,0.9900885,Malignant,Malignant,True
6411.jpg,0.9836024,Malignant,Malignant,True
6412.jpg,0.94379884,Malignant,Malignant,True
6413.jpg,0.39746612,Benign,Malignant,False
6414.jpg,0.9615731,Malignant,Malignant,True
6415.jpg,0.9368364,Malignant,Malignant,True
6416.jpg,0.58333415,Malignant,Malignant,True
6417.jpg,0.79970056,Malignant,Malignant,True
6418.jpg,0.8609145,Malignant,Malignant,True
6419.jpg,0.9201866,Malignant,Malignant,True
6420.jpg,0.9757784,Malignant,Malignant,True
6421.jpg,0.93201035,Malignant,Malignant,True
6422.jpg,0.54956996,Malignant,Malignant,True
6423.jpg,0.9967537,Malignant,Malignant,True
6424.jpg,0.9853513,Malignant,Malignant,True
6425.jpg,0.8880196,Malignant,Malignant,True
6426.jpg,0.99966544,Malignant,Malignant,True
6427.jpg,0.9821526,Malignant,Malignant,True
6428.jpg,0.5342382,Malignant,Malignant,True
6429.jpg,0.8121628,Malignant,Malignant,True
6430.jpg,0.7727313,Malignant,Malignant,True
6431.jpg,0.9993193,Malignant,Malignant,True
6432.jpg,0.60293144,Malignant,Malignant,True
6433.jpg,0.95394355,Malignant,Malignant,True
6434.jpg,0.99421614,Malignant,Malignant,True
6435.jpg,0.58386165,Malignant,Malignant,True
6436.jpg,0.987213,Malignant,Malignant,True
6437.jpg,0.9958603,Malignant,Malignant,True
6438.jpg,0.36511374,Benign,Malignant,False
6439.jpg,0.9933521,Malignant,Malignant,True
6440.jpg,0.5405734,Malignant,Malignant,True
6441.jpg,0.7871474,Malignant,Malignant,True
6442.jpg,0.98154837,Malignant,Malignant,True
6443.jpg,0.5865263,Malignant,Malignant,True
6444.jpg,0.9931448,Malignant,Malignant,True
6445.jpg,0.9674111,Malignant,Malignant,True
6446.jpg,0.93649036,Malignant,Malignant,True
6447.jpg,0.9471926,Malignant,Malignant,True
6448.jpg,0.9995463,Malignant,Malignant,True
6449.jpg,0.48669606,Benign,Malignant,False
6450.jpg,0.9720371,Malignant,Malignant,True
6451.jpg,0.9699695,Malignant,Malignant,True
6452.jpg,0.87731224,Malignant,Malignant,True
6453.jpg,0.5018183,Malignant,Malignant,True
6454.jpg,0.9958101,Malignant,Malignant,True
6455.jpg,0.9101509,Malignant,Malignant,True
6456.jpg,0.26767066,Benign,Malignant,False
6457.jpg,0.9959441,Malignant,Malignant,True
6458.jpg,0.90952545,Malignant,Malignant,True
6459.jpg,0.68728715,Malignant,Malignant,True
6460.jpg,0.29486296,Benign,Malignant,False
6461.jpg,0.585103,Malignant,Malignant,True
6462.jpg,0.9274558,Malignant,Malignant,True
6463.jpg,0.9820672,Malignant,Malignant,True
6464.jpg,0.7205997,Malignant,Malignant,True
6465.jpg,0.8673678,Malignant,Malignant,True
6466.jpg,0.91221815,Malignant,Malignant,True
6467.jpg,0.93145335,Malignant,Malignant,True
6468.jpg,0.98980045,Malignant,Malignant,True
6469.jpg,0.97698647,Malignant,Malignant,True
6470.jpg,0.99484116,Malignant,Malignant,True
6471.jpg,0.96258944,Malignant,Malignant,True
6472.jpg,0.9637914,Malignant,Malignant,True
6473.jpg,0.9899268,Malignant,Malignant,True
6474.jpg,0.78461623,Malignant,Malignant,True
6475.jpg,0.97952205,Malignant,Malignant,True
6476.jpg,0.95365,Malignant,Malignant,True
6477.jpg,0.62549865,Malignant,Malignant,True
6478.jpg,0.06520325,Benign,Malignant,False
6479.jpg,0.8845208,Malignant,Malignant,True
6480.jpg,0.95738417,Malignant,Malignant,True
6481.jpg,0.9503191,Malignant,Malignant,True
6482.jpg,0.99485844,Malignant,Malignant,True
6483.jpg,0.981848,Malignant,Malignant,True
6484.jpg,0.9733998,Malignant,Malignant,True
6485.jpg,0.99412197,Malignant,Malignant,True
6486.jpg,0.99779,Malignant,Malignant,True
6487.jpg,0.9086168,Malignant,Malignant,True
6488.jpg,0.88212454,Malignant,Malignant,True
6489.jpg,0.5449556,Malignant,Malignant,True
6490.jpg,0.9961521,Malignant,Malignant,True
6491.jpg,0.6450491,Malignant,Malignant,True
6492.jpg,0.99994427,Malignant,Malignant,True
6493.jpg,0.999954,Malignant,Malignant,True
6494.jpg,0.7180736,Malignant,Malignant,True
6495.jpg,0.8560776,Malignant,Malignant,True
6496.jpg,0.92776924,Malignant,Malignant,True
6497.jpg,0.9699964,Malignant,Malignant,True
6498.jpg,0.9359406,Malignant,Malignant,True
6499.jpg,0.9534514,Malignant,Malignant,True
6500.jpg,0.9876519,Malignant,Malignant,True
6501.jpg,0.72205937,Malignant,Malignant,True
6502.jpg,0.65826726,Malignant,Malignant,True
6503.jpg,0.95210946,Malignant,Malignant,True
6504.jpg,0.99929214,Malignant,Malignant,True
6505.jpg,0.7492383,Malignant,Malignant,True
6506.jpg,0.9113221,Malignant,Malignant,True
6507.jpg,0.6441396,Malignant,Malignant,True
6508.jpg,0.9547039,Malignant,Malignant,True
6509.jpg,0.99115473,Malignant,Malignant,True
6510.jpg,0.7978821,Malignant,Malignant,True
6511.jpg,0.9226094,Malignant,Malignant,True
6512.jpg,0.72323096,Malignant,Malignant,True
6513.jpg,0.36619776,Benign,Malignant,False
6514.jpg,0.8207494,Malignant,Malignant,True
6515.jpg,0.9445539,Malignant,Malignant,True
6516.jpg,0.79913247,Malignant,Malignant,True
6517.jpg,0.99202436,Malignant,Malignant,True
6518.jpg,0.9623831,Malignant,Malignant,True
6519.jpg,0.98139954,Malignant,Malignant,True
6520.jpg,0.21488559,Benign,Malignant,False
6521.jpg,0.8368652,Malignant,Malignant,True
6522.jpg,0.9749311,Malignant,Malignant,True
6523.jpg,0.98128575,Malignant,Malignant,True
6524.jpg,0.9969776,Malignant,Malignant,True
6525.jpg,0.95447594,Malignant,Malignant,True
6526.jpg,0.99939525,Malignant,Malignant,True
6527.jpg,0.9430177,Malignant,Malignant,True
6528.jpg,0.992724,Malignant,Malignant,True
6529.jpg,0.919552,Malignant,Malignant,True
6530.jpg,0.44201937,Benign,Malignant,False
6531.jpg,0.91498226,Malignant,Malignant,True
6532.jpg,0.8917316,Malignant,Malignant,True
6533.jpg,0.9151616,Malignant,Malignant,True
6534.jpg,0.9351341,Malignant,Malignant,True
6535.jpg,0.33303824,Benign,Malignant,False
6536.jpg,0.8484912,Malignant,Malignant,True
6537.jpg,0.9976907,Malignant,Malignant,True
6538.jpg,0.9348342,Malignant,Malignant,True
6539.jpg,0.21171579,Benign,Malignant,False
6540.jpg,0.9787396,Malignant,Malignant,True
6541.jpg,0.8741287,Malignant,Malignant,True
6542.jpg,0.5639885,Malignant,Malignant,True
6543.jpg,0.42716232,Benign,Malignant,False
6544.jpg,0.9563293,Malignant,Malignant,True
6545.jpg,0.99699885,Malignant,Malignant,True
6546.jpg,0.73234224,Malignant,Malignant,True
6547.jpg,0.9990566,Malignant,Malignant,True
6548.jpg,0.8703086,Malignant,Malignant,True
6549.jpg,0.98613656,Malignant,Malignant,True
6550.jpg,0.9805838,Malignant,Malignant,True
6551.jpg,0.4241699,Benign,Malignant,False
6552.jpg,0.9963666,Malignant,Malignant,True
6553.jpg,0.59128624,Malignant,Malignant,True
6554.jpg,0.7493128,Malignant,Malignant,True
6555.jpg,0.99011695,Malignant,Malignant,True
6556.jpg,0.5721704,Malignant,Malignant,True
6557.jpg,0.9768742,Malignant,Malignant,True
6558.jpg,0.9640459,Malignant,Malignant,True
6559.jpg,0.98872197,Malignant,Malignant,True
6560.jpg,0.9607971,Malignant,Malignant,True
6561.jpg,0.99657416,Malignant,Malignant,True
6562.jpg,0.9954472,Malignant,Malignant,True
6563.jpg,0.32008865,Benign,Malignant,False
6564.jpg,0.8468836,Malignant,Malignant,True
6565.jpg,0.9965016,Malignant,Malignant,True
6566.jpg,0.22497098,Benign,Malignant,False
6567.jpg,0.93288946,Malignant,Malignant,True
6568.jpg,0.99970233,Malignant,Malignant,True
6569.jpg,0.95556355,Malignant,Malignant,True
6570.jpg,0.999939,Malignant,Malignant,True
6571.jpg,0.9801592,Malignant,Malignant,True
6572.jpg,0.91806495,Malignant,Malignant,True
6573.jpg,0.9880114,Malignant,Malignant,True
6574.jpg,0.978787,Malignant,Malignant,True
6575.jpg,0.08359492,Benign,Malignant,False
6576.jpg,0.9836414,Malignant,Malignant,True
6577.jpg,0.93747026,Malignant,Malignant,True
6578.jpg,0.73504627,Malignant,Malignant,True
6579.jpg,0.9658919,Malignant,Malignant,True
6580.jpg,0.9830382,Malignant,Malignant,True
6581.jpg,0.9941459,Malignant,Malignant,True
6582.jpg,0.36856216,Benign,Malignant,False
6583.jpg,0.97797835,Malignant,Malignant,True
6584.jpg,0.9361959,Malignant,Malignant,True
6585.jpg,0.89306486,Malignant,Malignant,True
6586.jpg,0.99731064,Malignant,Malignant,True
6587.jpg,0.8606469,Malignant,Malignant,True
6588.jpg,0.8693563,Malignant,Malignant,True
6589.jpg,0.84440684,Malignant,Malignant,True
6590.jpg,0.99042326,Malignant,Malignant,True
6591.jpg,0.659828,Malignant,Malignant,True
6592.jpg,0.99194926,Malignant,Malignant,True
6593.jpg,0.85925806,Malignant,Malignant,True
6594.jpg,0.6103938,Malignant,Malignant,True
6595.jpg,0.9084797,Malignant,Malignant,True
6596.jpg,0.99265623,Malignant,Malignant,True
6597.jpg,0.984244,Malignant,Malignant,True
6598.jpg,0.7604151,Malignant,Malignant,True
6599.jpg,0.985068,Malignant,Malignant,True
6600.jpg,0.87529016,Malignant,Malignant,True
6601.jpg,0.96931595,Malignant,Malignant,True
6602.jpg,0.5355649,Malignant,Malignant,True
